Date,Close
8/16/2013,19.7
8/19/2013,19.61
8/20/2013,19.86
8/21/2013,20.18
8/22/2013,20.47
8/23/2013,20.63
8/26/2013,20.9
8/27/2013,19.96
8/28/2013,20.11
8/29/2013,20.47
8/30/2013,19.96
09/03/2013,20.53
09/04/2013,20.49
09/05/2013,21.2
09/06/2013,21.41
09/09/2013,22.79
09/10/2013,22.93
09/11/2013,23
09/12/2013,22.71
9/13/2013,23.12
9/16/2013,23.29
9/17/2013,23.76
9/18/2013,23.72
9/19/2013,24.5
9/20/2013,24.87
9/23/2013,24.62
9/24/2013,24.94
9/25/2013,24.67
9/26/2013,26.21
9/27/2013,27.03
9/30/2013,27.47
10/01/2013,28.09
10/02/2013,28.84
10/03/2013,28.24
10/04/2013,28.77
10/07/2013,27.56
10/08/2013,23.3
10/09/2013,19.86
10/10/2013,23.03
10/11/2013,21.49
10/14/2013,23.51
10/15/2013,23.13
10/16/2013,24.55
10/17/2013,24.63
10/18/2013,23.99
10/21/2013,23.07
10/22/2013,22.58
10/23/2013,22.02
10/24/2013,24.73
10/25/2013,24.07
10/28/2013,23.62
10/29/2013,23.63
10/30/2013,22.31
10/31/2013,22.73
11/01/2013,22.5
11/04/2013,22.22
11/05/2013,22.65
11/06/2013,21
11/07/2013,20.89
11/08/2013,21.73
11/11/2013,23.01
11/12/2013,22.58
11/13/2013,22.98
11/14/2013,22.94
11/15/2013,22.83
11/18/2013,21.03
11/19/2013,20.68
11/20/2013,21.13
11/21/2013,22.47
11/22/2013,22.34
11/25/2013,21.92
11/26/2013,22.95
11/27/2013,23.19
11/29/2013,23.29
12/02/2013,25
12/03/2013,23.88
12/04/2013,24.29
12/05/2013,24.48
12/06/2013,24.39
12/09/2013,23.48
12/10/2013,23.6
12/11/2013,22.29
12/12/2013,22.76
12/13/2013,23.03
12/16/2013,23.33
12/17/2013,23
12/18/2013,23.42
12/19/2013,23.35
12/20/2013,24.16
12/23/2013,25.92
12/24/2013,26.31
12/26/2013,25.44
12/27/2013,25.3
12/30/2013,25.38
12/31/2013,24.99
01/02/2014,25.15
01/03/2014,25.26
01/06/2014,24.7
01/07/2014,23.61
01/08/2014,23.91
01/09/2014,23.78
01/10/2014,24.13
1/13/2014,23.32
1/14/2014,24.31
1/15/2014,23.99
1/16/2014,24.26
1/17/2014,24.04
1/21/2014,23.92
1/22/2014,24.31
1/23/2014,24.23
1/24/2014,23.11
1/27/2014,22.45
1/28/2014,23.66
1/29/2014,23.22
1/30/2014,23.81
1/31/2014,23.3
02/03/2014,22.31
02/04/2014,22.71
02/05/2014,21.87
02/06/2014,22.69
02/07/2014,23.47
02/10/2014,23.96
02/11/2014,24.78
02/12/2014,24.65
2/13/2014,24.51
2/14/2014,23.93
2/18/2014,24.4
2/19/2014,24
2/20/2014,24.58
2/21/2014,28.84
2/24/2014,28.14
2/25/2014,29.06
2/26/2014,29.72
2/27/2014,30.1
2/28/2014,28.3
03/03/2014,28.19
03/04/2014,30.04
03/05/2014,28.55
03/06/2014,27.17
03/07/2014,27.2
03/10/2014,28.24
03/11/2014,27.53
03/12/2014,28.54
3/13/2014,26.78
3/14/2014,26.88
3/17/2014,27.64
3/18/2014,28.67
3/19/2014,28.4
3/20/2014,27.85
3/21/2014,26.01
3/24/2014,24.24
3/25/2014,23.81
3/26/2014,22.9
3/27/2014,23.01
3/28/2014,22.65
3/31/2014,24.33
04/01/2014,25.1
04/02/2014,24.38
04/03/2014,23.06
04/04/2014,21.35
04/07/2014,20.69
04/08/2014,20.99
04/09/2014,21.95
04/10/2014,20.04
04/11/2014,19.04
4/14/2014,17.82
4/15/2014,18.36
4/16/2014,19.28
4/17/2014,19.44
4/21/2014,19.92
4/22/2014,21.05
4/23/2014,20.14
4/24/2014,20.55
4/25/2014,19.32
4/28/2014,19.15
4/29/2014,19.91
4/30/2014,20.13
05/01/2014,20.12
05/02/2014,19.59
05/05/2014,20.21
05/06/2014,19.16
05/07/2014,18.51
05/08/2014,18.06
05/09/2014,18.52
05/12/2014,19.42
5/13/2014,18.84
5/14/2014,18.87
5/15/2014,19.7
5/16/2014,19.05
5/19/2014,19.2
5/20/2014,19.04
5/21/2014,19.22
5/22/2014,19.57
5/23/2014,19.8
5/27/2014,20.7
5/28/2014,20.92
5/29/2014,21.25
5/30/2014,20.65
06/02/2014,20.45
06/03/2014,20.16
06/04/2014,21.2
06/05/2014,21.7
06/06/2014,21.99
06/09/2014,22.93
06/10/2014,23.1
06/11/2014,22.8
06/12/2014,23.03
6/13/2014,23.05
6/16/2014,23.04
6/17/2014,23.22
6/18/2014,23.67
6/19/2014,23.16
6/20/2014,23.06
6/23/2014,22.97
6/24/2014,22.82
6/25/2014,23.04
6/26/2014,22.81
6/27/2014,22.41
6/30/2014,22.59
07/01/2014,23.42
07/02/2014,23.49
07/03/2014,23.64
07/07/2014,23.42
07/08/2014,21.56
07/09/2014,21.78
07/10/2014,21.44
07/11/2014,22.3
7/14/2014,22.09
7/15/2014,20.77
7/16/2014,20.25
7/17/2014,19.4
7/18/2014,20.25
7/21/2014,20.31
7/22/2014,20.16
7/23/2014,20.73
7/24/2014,20.83
7/25/2014,20.62
7/28/2014,20.26
7/29/2014,20.74
7/30/2014,21.21
7/31/2014,20.27
08/01/2014,20.62
08/04/2014,20.7
08/05/2014,20.77
08/06/2014,21.34
08/07/2014,20.94
08/08/2014,21.17
08/11/2014,21.41
08/12/2014,21.41
8/13/2014,22.37
8/14/2014,22.9
8/15/2014,22.59
8/18/2014,22.43
8/19/2014,22.57
8/20/2014,22.69
8/21/2014,22.02
8/22/2014,22.17
8/25/2014,23.15
8/26/2014,23.81
8/27/2014,23.58
8/28/2014,23.61
8/29/2014,23.98
09/02/2014,26.61
09/03/2014,26.9
09/04/2014,26.69
09/05/2014,26.96
09/08/2014,27.93
09/09/2014,26.98
09/10/2014,27.31
09/11/2014,27.47
09/12/2014,28.24
9/15/2014,26.79
9/16/2014,27.04
9/17/2014,27.45
9/18/2014,27.57
9/19/2014,26.64
9/22/2014,26.15
9/23/2014,26
9/24/2014,26.83
9/25/2014,25.71
9/26/2014,25.89
9/29/2014,25.67
9/30/2014,24.76
10/01/2014,24.46
10/02/2014,25.15
10/03/2014,25.47
10/06/2014,24.88
10/07/2014,23.98
10/08/2014,25.25
10/09/2014,24.16
10/10/2014,23.4
10/13/2014,22.98
10/14/2014,22.88
10/15/2014,25.11
10/16/2014,25.29
10/17/2014,26.06
10/20/2014,26.58
10/21/2014,26.77
10/22/2014,25.92
10/23/2014,26.25
10/24/2014,26.92
10/27/2014,27.04
10/28/2014,27.89
10/29/2014,27.63
10/30/2014,28.05
10/31/2014,27.7
11/03/2014,27.9
11/04/2014,27.66
11/05/2014,27.19
11/06/2014,27.94
11/07/2014,27.69
11/10/2014,28.21
11/11/2014,27.5
11/12/2014,27.27
11/13/2014,27.9
11/14/2014,27.14
11/17/2014,27.08
11/18/2014,27.79
11/19/2014,27.33
11/20/2014,27.74
11/21/2014,28.43
11/24/2014,29.53
11/25/2014,29.53
11/26/2014,29.95
11/28/2014,29.87
12/01/2014,28.68
12/02/2014,30.11
12/03/2014,30.41
12/04/2014,30.46
12/05/2014,31.16
12/08/2014,32.19
12/09/2014,32.78
12/10/2014,32.3
12/11/2014,32.63
12/12/2014,32.53
12/15/2014,30.34
12/16/2014,30.02
12/17/2014,31.5
12/18/2014,32.85
12/19/2014,32.98
12/22/2014,32.24
12/23/2014,30.17
12/24/2014,30.95
12/26/2014,31.73
12/29/2014,31.96
12/30/2014,31.69
12/31/2014,31.75
01/02/2015,31.15
01/05/2015,31.1
01/06/2015,30.98
01/07/2015,32.16
01/08/2015,32.5
01/09/2015,33.37
01/12/2015,34.25
1/13/2015,34.46
1/14/2015,33.76
1/15/2015,32.17
1/16/2015,32.68
1/20/2015,33.11
1/21/2015,32.47
1/22/2015,32.57
1/23/2015,31.88
1/26/2015,32.28
1/27/2015,31.7
1/28/2015,31.22
1/29/2015,31.05
1/30/2015,30.43
02/02/2015,31.11
02/03/2015,31.76
02/04/2015,31.36
02/05/2015,32.51
02/06/2015,32.48
02/09/2015,32.12
02/10/2015,33.47
02/11/2015,33.33
02/12/2015,33.84
2/13/2015,34.21
2/17/2015,35.03
2/18/2015,35.72
2/19/2015,36.8
2/20/2015,37.45
2/23/2015,37.62
2/24/2015,37.44
2/25/2015,37.4
2/26/2015,37.78
2/27/2015,37.97
03/02/2015,38.23
03/03/2015,38.14
03/04/2015,38.14
03/05/2015,39.26
03/06/2015,38.94
03/09/2015,38.93
03/10/2015,45.88
03/11/2015,44.76
03/12/2015,34.82
3/13/2015,34.45
3/16/2015,35.18
3/17/2015,34.31
3/18/2015,34.46
3/19/2015,34.99
3/20/2015,34.45
3/23/2015,33.99
3/24/2015,33.65
3/25/2015,31.2
3/26/2015,30.37
3/27/2015,31.96
3/30/2015,33.35
3/31/2015,32.59
04/01/2015,32.04
04/02/2015,31.49
04/06/2015,31.96
04/07/2015,32.84
04/08/2015,34.17
04/09/2015,35.11
04/10/2015,37.53
4/13/2015,37.46
4/14/2015,36.81
4/15/2015,37.5
4/16/2015,38.67
4/17/2015,38.03
4/20/2015,38.12
4/21/2015,38.75
4/22/2015,38.55
4/23/2015,38.9
4/24/2015,38.36
4/27/2015,36.05
4/28/2015,36.02
4/29/2015,35.86
4/30/2015,34.17
05/01/2015,35.67
05/04/2015,36.56
05/05/2015,35.69
05/06/2015,36.77
05/07/2015,36.56
05/08/2015,37.94
05/11/2015,38.37
05/12/2015,38.86
5/13/2015,38.92
5/14/2015,39.05
5/15/2015,39.17
5/18/2015,40.31
5/19/2015,40.24
5/20/2015,39.83
5/21/2015,40.22
5/22/2015,40.55
5/26/2015,40.1
5/27/2015,40.82
5/28/2015,40.19
5/29/2015,41.2
06/01/2015,41.29
06/02/2015,41.55
06/03/2015,41.7
06/04/2015,41.14
06/05/2015,42.16
06/08/2015,40.89
06/09/2015,39.13
06/10/2015,39.19
06/11/2015,39.78
06/12/2015,39.4
6/15/2015,39.06
6/16/2015,39.56
6/17/2015,40.16
6/18/2015,41.57
6/19/2015,41.75
6/22/2015,42.58
6/23/2015,42.92
6/24/2015,42.7
6/25/2015,42.76
6/26/2015,41.93
6/29/2015,39.86
6/30/2015,41.88
07/01/2015,41.67
07/02/2015,41.69
07/06/2015,41.57
07/07/2015,41.98
07/08/2015,40.59
07/09/2015,42.18
07/10/2015,43.94
7/13/2015,44.79
7/14/2015,48.69
7/15/2015,48.91
7/16/2015,49.99
7/17/2015,50.1
7/20/2015,49.79
7/21/2015,48.9
7/22/2015,49.76
7/23/2015,49.32
7/24/2015,48.75
7/27/2015,47.56
7/28/2015,49.3
7/29/2015,48.6
7/30/2015,47.82
7/31/2015,48.81
08/03/2015,48.19
08/04/2015,47.7
08/05/2015,47.6
08/06/2015,45.15
08/07/2015,39.14
08/10/2015,39.43
08/11/2015,38.05
08/12/2015,39.31
8/13/2015,38
8/14/2015,37.88
8/17/2015,39.44
8/18/2015,38.8
8/19/2015,38.14
8/20/2015,35.99
8/21/2015,35.65
8/24/2015,33.6
8/25/2015,34.14
8/26/2015,36.38
8/27/2015,37.91
8/28/2015,38.17
8/31/2015,36.63
09/01/2015,35.91
09/02/2015,38.07
09/03/2015,39.13
09/04/2015,39.46
09/08/2015,41.79
09/09/2015,40.23
09/10/2015,41.17
09/11/2015,41.69
9/14/2015,42.33
9/15/2015,42.21
9/16/2015,42.66
9/17/2015,43.16
9/18/2015,43.33
9/21/2015,39.09
9/22/2015,38.12
9/23/2015,37.85
9/24/2015,36.96
9/25/2015,34.15
9/28/2015,31.83
9/29/2015,30.61
9/30/2015,33.07
10/01/2015,33.2
10/02/2015,35.12
10/05/2015,34.47
10/06/2015,32.36
10/07/2015,32.78
10/08/2015,32.08
10/09/2015,32.43
10/12/2015,32.81
10/13/2015,31.83
10/14/2015,32.08
10/15/2015,34.35
10/16/2015,33.69
10/19/2015,33.97
10/20/2015,32.35
10/21/2015,32.22
10/22/2015,32.55
10/23/2015,33.8
10/26/2015,33.46
10/27/2015,34.09
10/28/2015,36.44
10/29/2015,35.97
10/30/2015,34.82
11/02/2015,40.18
11/03/2015,42.28
11/04/2015,42.29
11/05/2015,41.54
11/06/2015,36.75
11/09/2015,35.21
11/10/2015,35.97
11/11/2015,35.66
11/12/2015,34.97
11/13/2015,35.05
11/16/2015,34.89
11/17/2015,34.57
11/18/2015,36.31
11/19/2015,35.87
11/20/2015,36
11/23/2015,37.07
11/24/2015,37.62
11/25/2015,38.28
11/27/2015,39.2
11/30/2015,37.95
12/01/2015,37.51
12/02/2015,37.48
12/03/2015,35.24
12/04/2015,36.15
12/07/2015,34.43
12/08/2015,35.28
12/09/2015,34.29
12/10/2015,34.65
12/11/2015,32.5
12/14/2015,33.48
12/15/2015,34.6
12/16/2015,35.97
12/17/2015,34.48
12/18/2015,33.7
12/21/2015,33.68
12/22/2015,34.27
12/23/2015,34.91
12/24/2015,35.06
12/28/2015,35.1
12/29/2015,36.05
12/30/2015,35.87
12/31/2015,35.65
01/04/2016,34.62
01/05/2016,34.46
01/06/2016,29.24
01/07/2016,28.73
01/08/2016,28.04
01/11/2016,27.11
01/12/2016,27.04
1/13/2016,23.13
1/14/2016,23.94
1/15/2016,23.78
1/19/2016,22.66
1/20/2016,23.78
1/21/2016,22.66
1/22/2016,24.52
1/25/2016,24.16
1/26/2016,23.72
1/27/2016,21.95
1/28/2016,20.52
1/29/2016,20.69
02/01/2016,20.86
02/02/2016,19.04
02/03/2016,18.89
02/04/2016,20.29
02/05/2016,19.36
02/08/2016,17.76
02/09/2016,18.48
02/10/2016,18.23
02/11/2016,17.55
02/12/2016,18.26
2/16/2016,18.82
2/17/2016,20.62
2/18/2016,19.22
2/19/2016,19.76
2/22/2016,20.12
2/23/2016,19.19
2/24/2016,19.12
2/25/2016,18.48
2/26/2016,18.73
2/29/2016,17.26
03/01/2016,19.15
03/02/2016,20.36
03/03/2016,21.46
03/04/2016,21.2
03/07/2016,21.76
03/08/2016,19.6
03/09/2016,19.35
03/10/2016,19.26
03/11/2016,20.19
3/14/2016,20.32
3/15/2016,19.65
3/16/2016,19.39
3/17/2016,19.53
3/18/2016,19.79
3/21/2016,21.53
3/22/2016,22.64
3/23/2016,20.25
3/24/2016,20.31
3/28/2016,23.81
3/30/2016,26.01
3/31/2016,27.96
04/01/2016,28.66
04/04/2016,30.06
04/05/2016,29.9
04/06/2016,32.86
04/07/2016,32.26
04/08/2016,31.78
04/11/2016,31.11
04/12/2016,32.24
4/13/2016,33.22
4/14/2016,33.79
4/15/2016,33.52
4/18/2016,33.47
4/19/2016,33.66
4/20/2016,33.35
4/21/2016,33.69
4/22/2016,34.02
4/25/2016,34.18
4/26/2016,32.62
4/27/2016,32.63
4/28/2016,32.4
4/29/2016,32.3
05/02/2016,33
05/03/2016,30
05/04/2016,27.53
05/05/2016,27.05
05/06/2016,27.65
05/09/2016,29.25
05/10/2016,29.81
05/11/2016,28.49
05/12/2016,27.81
5/13/2016,28.11
5/16/2016,30.03
5/17/2016,31.71
5/18/2016,32.51
5/19/2016,32.84
5/20/2016,34.04
5/23/2016,34.25
5/24/2016,34.9
5/25/2016,35.27
5/26/2016,34.9
5/27/2016,35.61
5/31/2016,35.43
06/01/2016,35.51
06/02/2016,36.81
06/03/2016,36.07
06/06/2016,40.68
06/07/2016,40.58
06/08/2016,41.55
06/09/2016,40.21
06/10/2016,39.6
6/13/2016,38.1
6/14/2016,39.21
6/15/2016,38.17
6/16/2016,38.35
6/17/2016,37.41
6/20/2016,37.4
6/21/2016,34.99
6/22/2016,33.5
6/23/2016,33.5
6/24/2016,31.43
6/27/2016,30.3
6/28/2016,31.66
6/29/2016,32.38
6/30/2016,32.46
07/01/2016,34.25
07/05/2016,32.64
07/06/2016,33.61
07/07/2016,33.51
07/08/2016,34.62
07/11/2016,33.92
07/12/2016,34.68
7/13/2016,32.92
7/14/2016,32.62
7/15/2016,33
7/18/2016,33.25
7/19/2016,32.74
7/20/2016,34.65
7/21/2016,36.06
7/22/2016,36.55
7/25/2016,36.31
7/26/2016,36.79
7/27/2016,37.44
7/28/2016,36.74
7/29/2016,37.04
08/01/2016,37.23
08/02/2016,36.59
08/03/2016,37.17
08/04/2016,36.48
08/05/2016,36.49
08/08/2016,35.23
08/09/2016,33.34
08/10/2016,31.08
08/11/2016,31.87
08/12/2016,31.37
8/15/2016,32.82
8/16/2016,32.37
8/17/2016,32.56
8/18/2016,33.27
8/19/2016,33.64
8/22/2016,34.32
8/23/2016,34.36
8/24/2016,32.46
8/25/2016,32.3
8/26/2016,32.86
8/29/2016,32.62
8/30/2016,32.54
8/31/2016,32.13
09/01/2016,32.1
09/02/2016,31.59
09/06/2016,31.43
09/07/2016,32
09/08/2016,33.09
09/09/2016,30.87
09/12/2016,32.47
9/13/2016,32.07
9/14/2016,33.41
9/15/2016,34.17
9/16/2016,34.15
9/19/2016,34.82
9/20/2016,35.98
9/21/2016,35.62
9/22/2016,34.98
9/23/2016,34.98
9/26/2016,34.3
9/27/2016,35.23
9/28/2016,33.68
9/29/2016,32.7
9/30/2016,31.81
10/03/2016,30.71
10/04/2016,29.1
10/05/2016,28.81
10/06/2016,27.39
10/07/2016,26.86
10/10/2016,27.21
10/11/2016,26.88
10/12/2016,25.78
10/13/2016,25.19
10/14/2016,23.67
10/17/2016,24.33
10/18/2016,24.33
10/19/2016,23.41
10/20/2016,23.95
10/21/2016,25.34
10/24/2016,23.72
10/25/2016,23.61
10/26/2016,23.18
10/27/2016,22.56
10/28/2016,22.57
10/31/2016,23.31
11/01/2016,22.93
11/02/2016,22
11/03/2016,20.87
11/04/2016,21.69
11/07/2016,22.99
11/08/2016,26.84
11/09/2016,28.87
11/10/2016,29.74
11/11/2016,28.81
11/14/2016,29.06
11/15/2016,28.47
11/16/2016,28.55
11/17/2016,29.1
11/18/2016,29.53
11/21/2016,28.63
11/22/2016,26.72
11/23/2016,28.22
11/25/2016,28.04
11/28/2016,27.33
11/29/2016,27.65
11/30/2016,26.99
12/01/2016,26.48
12/02/2016,27.15
12/05/2016,27.79
12/06/2016,28.25
12/07/2016,27.08
12/08/2016,27.24
12/09/2016,26.76
12/12/2016,25.28
12/13/2016,24.87
12/14/2016,24.94
12/15/2016,26.01
12/16/2016,25.98
12/19/2016,25.43
12/20/2016,28.57
12/21/2016,27.46
12/22/2016,27.67
12/23/2016,29.75
12/27/2016,28.95
12/28/2016,28.52
12/29/2016,28.79
12/30/2016,28.84
01/03/2017,28.77
01/04/2017,31.94
01/05/2017,31.68
01/06/2017,32.64
01/09/2017,32.69
01/10/2017,31.47
01/11/2017,29.87
01/12/2017,31.78
1/13/2017,31.77
1/17/2017,31.35
1/18/2017,32.31
1/19/2017,31.43
1/20/2017,31.02
1/23/2017,30.37
1/24/2017,30.14
1/25/2017,31.13
1/26/2017,31.37
1/27/2017,31.93
1/30/2017,32.6
1/31/2017,34.59
02/01/2017,34.49
02/02/2017,35.23
02/03/2017,36.61
02/06/2017,37.85
02/07/2017,38.19
02/08/2017,38.54
02/09/2017,37.95
02/10/2017,37.09
2/13/2017,37.24
2/14/2017,39.69
2/15/2017,39.47
2/16/2017,39.22
2/17/2017,39.28
2/21/2017,39.2
2/22/2017,39.14
2/23/2017,39.56
2/24/2017,38.88
2/27/2017,39.85
2/28/2017,38.11
03/01/2017,36.63
03/02/2017,35.8
03/03/2017,36.89
03/06/2017,36.79
03/07/2017,36.21
03/08/2017,36.54
03/09/2017,36.47
03/10/2017,36.83
3/13/2017,37.47
3/14/2017,37.53
3/15/2017,38.2
3/16/2017,37.5
3/17/2017,37.13
3/20/2017,37.19
3/21/2017,35.01
3/22/2017,34.93
3/23/2017,34.45
3/24/2017,34.83
3/27/2017,35.65
3/28/2017,35.71
3/29/2017,35.86
3/30/2017,34.1
3/31/2017,34.38
04/03/2017,34.05
04/04/2017,33.53
04/05/2017,32.67
04/06/2017,32.41
04/07/2017,32.36
04/10/2017,33.07
04/11/2017,32.9
04/12/2017,33.09
4/13/2017,33.48
4/17/2017,33.37
4/18/2017,32.44
4/19/2017,32.35
4/20/2017,32.59
4/21/2017,32.21
4/24/2017,33.72
4/25/2017,34.71
4/26/2017,33.66
4/27/2017,33.83
4/28/2017,34.33
05/01/2017,34.41
05/02/2017,32.77
05/03/2017,32.45
05/04/2017,32.35
05/05/2017,32.74
05/08/2017,31.79
05/09/2017,32.26
05/10/2017,29.06
05/11/2017,28.8
05/12/2017,29.01
5/15/2017,28.53
5/16/2017,28.4
5/17/2017,27.06
5/18/2017,27.31
5/19/2017,27.85
5/22/2017,28.01
5/23/2017,27.55
5/24/2017,27.36
5/25/2017,26.27
5/26/2017,26.02
5/30/2017,25.65
5/31/2017,25.71
06/01/2017,26.82
06/02/2017,26.93
06/05/2017,26.51
06/06/2017,26.16
06/07/2017,25.45
06/08/2017,26.14
06/09/2017,27.4
06/12/2017,27.08
6/13/2017,27.25
6/14/2017,27.38
6/15/2017,26.28
6/16/2017,27.1
6/19/2017,27.99
6/20/2017,28.22
6/21/2017,29.27
6/22/2017,28.68
6/23/2017,29.24
6/26/2017,29.01
6/27/2017,27.64
6/28/2017,28.26
6/29/2017,28.68
6/30/2017,27.89
07/03/2017,28.47
07/05/2017,29.64
07/06/2017,28.69
07/07/2017,29.19
07/10/2017,27.6
07/11/2017,26.76
07/12/2017,27.95
7/13/2017,28.17
7/14/2017,28.59
7/17/2017,28.85
7/18/2017,28.96
7/19/2017,29
7/20/2017,30.09
7/21/2017,30.43
7/24/2017,30.47
7/25/2017,30.03
7/26/2017,30.13
7/27/2017,29.47
7/28/2017,30.13
7/31/2017,29.77
08/01/2017,29.55
08/02/2017,29.49
08/03/2017,29.59
08/04/2017,30.69
08/07/2017,30.57
08/08/2017,29.54
08/09/2017,33.21
08/10/2017,30.23
08/11/2017,31.21
8/14/2017,31.89
8/15/2017,32.11
8/16/2017,31.39
8/17/2017,31.03
8/18/2017,31.08
8/21/2017,30.94
8/22/2017,31.44
8/23/2017,31.91
8/24/2017,32.82
8/25/2017,32.45
8/28/2017,33.44
8/29/2017,33.91
8/30/2017,34.72
8/31/2017,35.61
09/01/2017,36.16
09/05/2017,35.2
09/06/2017,35.69
09/07/2017,35.8
09/08/2017,36.93
09/11/2017,37.08
09/12/2017,37.17
9/13/2017,36.46
9/14/2017,36.35
9/15/2017,36.83
9/18/2017,36.98
9/19/2017,36.55
9/20/2017,36.85
9/21/2017,37.63
9/22/2017,37.59
9/25/2017,37.67
9/26/2017,37.43
9/27/2017,37.9
9/28/2017,38.37
9/29/2017,37.67
10/02/2017,38.43
10/03/2017,38.86
10/04/2017,39.14
10/05/2017,38.3
10/06/2017,38.54
10/09/2017,37.59
10/10/2017,36.91
10/11/2017,35.76
10/12/2017,35.5
10/13/2017,35.4
10/16/2017,36.1
10/17/2017,36.99
10/18/2017,36.73
10/19/2017,35.83
10/20/2017,36.32
10/23/2017,35.78
10/24/2017,35.64
10/25/2017,34.89
10/26/2017,34.65
10/27/2017,35.04
10/30/2017,35.18
10/31/2017,34.83
11/01/2017,34.36
11/02/2017,35.11
11/03/2017,35.85
11/06/2017,32.55
11/07/2017,32.46
11/08/2017,29.41
11/09/2017,29.16
11/10/2017,28.6
11/13/2017,27.31
11/14/2017,27
11/15/2017,26.84
11/16/2017,27.64
11/17/2017,27.86
11/20/2017,27.7
11/21/2017,27.89
11/22/2017,28.25
11/24/2017,28
11/27/2017,27.6
11/28/2017,27.7
11/29/2017,29.02
11/30/2017,30.25
12/01/2017,30.16
12/04/2017,28.92
12/05/2017,29.95
12/06/2017,29.71
12/07/2017,30.09
12/08/2017,30.49
12/11/2017,29.97
12/12/2017,29.18
12/13/2017,29.94
12/14/2017,28.97
12/15/2017,28.98
12/18/2017,28.42
12/19/2017,28.12
12/20/2017,28.3
12/21/2017,28.75
12/22/2017,29.26
12/26/2017,30.46
12/27/2017,30.7
12/28/2017,31.18
12/29/2017,30.11
01/02/2018,30.43
01/03/2018,29.51
01/04/2018,28.78
01/05/2018,28.9
01/08/2018,27.11
01/09/2018,28.29
01/10/2018,28.63
01/11/2018,27.9
01/12/2018,28.37
1/16/2018,28.15
1/17/2018,28.25
1/18/2018,27.78
1/19/2018,26.92
1/22/2018,28.93
1/23/2018,30.32
1/24/2018,30.57
1/25/2018,30.68
1/26/2018,32.13
1/29/2018,31.74
1/30/2018,30.65
1/31/2018,29.91
02/01/2018,30.26
02/02/2018,28.96
02/05/2018,26.91
02/06/2018,28.8
02/07/2018,29.32
02/08/2018,28.35
02/09/2018,28.27
02/12/2018,28.87
2/13/2018,29.51
2/14/2018,30.6
2/15/2018,31.06
2/16/2018,30.92
2/20/2018,31.05
2/21/2018,30.43
2/22/2018,30.24
2/23/2018,31.52
2/26/2018,32.33
2/27/2018,31.16
2/28/2018,24.92
03/01/2018,22.98
03/02/2018,23.68
03/05/2018,24.83
03/06/2018,25.11
03/07/2018,25.4
03/08/2018,25.25
03/09/2018,25.33
03/12/2018,25.89
3/13/2018,24.98
3/14/2018,25.05
3/15/2018,25.21
3/16/2018,25.75
3/19/2018,24.58
3/20/2018,24.51
3/21/2018,24.66
3/22/2018,23.85
3/23/2018,22.57
3/26/2018,23.54
3/27/2018,22.68
3/28/2018,23.11
3/29/2018,22.47
04/02/2018,20.88
04/03/2018,21.2
04/04/2018,22.34
04/05/2018,22.13
04/06/2018,21.53
04/09/2018,16.5
04/10/2018,17.74
04/11/2018,19.1
04/12/2018,19.29
4/13/2018,18.9
4/16/2018,18.98
4/17/2018,19.88
4/18/2018,19.98
4/19/2018,19.66
4/20/2018,19.9
4/23/2018,19.92
4/24/2018,19.47
4/25/2018,15.2
4/26/2018,15.12
4/27/2018,16.28
4/30/2018,15.81
05/01/2018,16.48
05/02/2018,16.88
05/03/2018,16.04
05/04/2018,17.8
05/07/2018,18.54
05/08/2018,18.11
05/09/2018,18.58
05/10/2018,18.26
05/11/2018,18.55
5/14/2018,19.14
5/15/2018,18.58
5/16/2018,18.5
5/17/2018,18.13
5/18/2018,18
5/21/2018,17.67
5/22/2018,17.25
5/23/2018,17
5/24/2018,17.47
5/25/2018,17.69
5/29/2018,17.76
5/30/2018,18.11
5/31/2018,18.11
06/01/2018,18.34
06/04/2018,17.44
06/05/2018,17.43
06/06/2018,17.52
06/07/2018,17.5
06/08/2018,17.6
06/11/2018,17.87
06/12/2018,17.67
6/13/2018,16.18
6/14/2018,15.35
6/15/2018,15.73
6/18/2018,15.83
6/19/2018,16.33
6/20/2018,17.05
6/21/2018,15.95
6/22/2018,16.33
6/25/2018,16.07
6/26/2018,16.3
6/27/2018,15.87
6/28/2018,15.07
6/29/2018,15.27
07/02/2018,16.71
07/03/2018,16.4
07/05/2018,16.64
07/06/2018,17.84
07/09/2018,16.63
07/10/2018,16.68
07/11/2018,16.82
07/12/2018,17.76
7/13/2018,17.46
7/16/2018,16.87
7/17/2018,18.16
7/18/2018,17.58
7/19/2018,17.08
7/20/2018,16.84
7/23/2018,16.47
7/24/2018,15.99
7/25/2018,16.05
7/26/2018,16.23
7/27/2018,15.44
7/30/2018,14.81
7/31/2018,15.09
08/01/2018,15.36
08/02/2018,15.49
08/03/2018,15.22
08/06/2018,13.91
08/07/2018,14.19
08/08/2018,14.02
08/09/2018,13.91
08/10/2018,14.92
8/13/2018,14.29
8/14/2018,14.33
8/15/2018,13.79
8/16/2018,13.3
8/17/2018,13.03
8/20/2018,13.57
8/21/2018,14.11
8/22/2018,14.18
8/23/2018,14.26
8/24/2018,14.39
8/27/2018,14.54
8/28/2018,14.6
8/29/2018,14.42
8/30/2018,14.42
8/31/2018,14.22
09/04/2018,14.24
09/05/2018,14.38
09/06/2018,14.03
09/07/2018,14.04
09/10/2018,13.95
09/11/2018,13.49
09/12/2018,13.77
9/13/2018,13.76
9/14/2018,13.88
9/17/2018,14.05
9/18/2018,14.28
9/19/2018,15.1
9/20/2018,19.11
9/21/2018,20.17
9/24/2018,19.85
9/25/2018,21.41
9/26/2018,21.1
9/27/2018,21.81
9/28/2018,20.76
10/01/2018,20.79
10/02/2018,20.16
10/03/2018,21.16
10/04/2018,21.47
10/05/2018,21.44
10/08/2018,21.11
10/09/2018,21.16
10/10/2018,20.24
10/11/2018,20.99
10/12/2018,21.72
10/15/2018,21.28
10/16/2018,22.92
10/17/2018,22.87
10/18/2018,22.73
10/19/2018,22.21
10/22/2018,21.76
10/23/2018,22
10/24/2018,19.24
10/25/2018,21.27
10/26/2018,21.74
10/29/2018,21.1
10/30/2018,21.09
10/31/2018,19.48
11/01/2018,22.36
11/02/2018,22.73
11/05/2018,21.66
11/06/2018,21.88
11/07/2018,20
11/08/2018,19.25
11/09/2018,18.86
11/12/2018,18.86
11/13/2018,17.81
11/14/2018,17.53
11/15/2018,18.63
11/16/2018,18.93
11/19/2018,18.12
11/20/2018,18.24
11/21/2018,18.78
11/23/2018,18.51
11/26/2018,19.46
11/27/2018,17
11/28/2018,20.53
11/29/2018,20.13
11/30/2018,19.06
12/03/2018,20.3
12/04/2018,18.82
12/06/2018,18.91
12/07/2018,18.21
12/10/2018,18.78
12/11/2018,18.57
12/12/2018,18.48
12/13/2018,17.93
12/14/2018,17.67
12/17/2018,17.56
12/18/2018,17.04
12/19/2018,15.78
12/20/2018,15.27
12/21/2018,14.33
12/24/2018,14.32
12/26/2018,15.84
12/27/2018,15.45
12/28/2018,15.65
12/31/2018,16.17
01/02/2019,16.65
01/03/2019,16.17
01/04/2019,17.57
01/07/2019,18.23
01/08/2019,18.54
01/09/2019,19.74
01/10/2019,20.71
01/11/2019,21.08
1/14/2019,20.66
1/15/2019,21.33
1/16/2019,21.77
1/17/2019,21.58
1/18/2019,21.07
1/22/2019,20.32
1/23/2019,20.81
1/24/2019,21.64
1/25/2019,22.61
1/28/2019,22.1
1/29/2019,22.31
1/30/2019,22.93
1/31/2019,22.78
02/01/2019,22.74
02/04/2019,22.7
02/05/2019,23.09
02/06/2019,22.91
02/07/2019,22.34
02/08/2019,21.99
02/11/2019,21.48
02/12/2019,22.39
2/13/2019,22.31
2/14/2019,21.93
2/15/2019,23.25
2/19/2019,22.98
2/20/2019,22.82
2/21/2019,22.26
2/22/2019,22.93
2/25/2019,23.75
2/26/2019,23.56
2/27/2019,25.53
2/28/2019,26.5
03/01/2019,26.6
03/04/2019,26.85
03/05/2019,26.66
03/06/2019,25.65
03/07/2019,25.39
03/08/2019,25.76
03/11/2019,26.07
03/12/2019,26.2
3/13/2019,27.38
3/14/2019,26.68
3/15/2019,26.85
3/18/2019,27.1
3/19/2019,26.92
3/20/2019,26.22
3/21/2019,27.22
3/22/2019,26.1
3/25/2019,26.19
3/26/2019,26.95
3/27/2019,26.24
3/28/2019,26.64
3/29/2019,26.85
04/01/2019,26.98
04/02/2019,27.32
04/03/2019,27.35
04/04/2019,26.86
04/05/2019,28.12
04/08/2019,27.07
04/09/2019,26.67
04/10/2019,26.78
04/11/2019,26.02
04/12/2019,25.68
4/15/2019,25.51
4/16/2019,25.51
4/17/2019,23.32
4/18/2019,23.58
4/22/2019,23.74
4/23/2019,24.37
4/24/2019,24.04
4/25/2019,24.45
4/26/2019,25.17
4/29/2019,25.12
4/30/2019,24.05
05/01/2019,23.66
05/02/2019,25.5
05/03/2019,26.52
05/06/2019,26.79
05/07/2019,25.81
05/08/2019,26.15
05/09/2019,25.98
05/10/2019,25.84
5/13/2019,24.63
5/14/2019,25.6
5/15/2019,25.94
5/16/2019,25.66
5/17/2019,25.03
5/20/2019,24.23
5/21/2019,25.54
5/22/2019,25.14
5/23/2019,25.34
5/24/2019,25.96
5/28/2019,26.14
5/29/2019,24.59
5/30/2019,24.9
5/31/2019,23.99
06/03/2019,24.39
06/04/2019,25.35
06/05/2019,25.77
06/06/2019,24.91
06/07/2019,25.84
06/10/2019,25.66
06/11/2019,25.62
06/12/2019,25.57
6/13/2019,25.63
6/14/2019,24.26
6/17/2019,25.42
6/18/2019,25.93
6/19/2019,26.62
6/20/2019,25.73
6/21/2019,26
6/24/2019,25.79
6/25/2019,25.78
6/26/2019,25.24
6/27/2019,26.43
6/28/2019,26.73
07/01/2019,26.92
07/02/2019,26.7
07/03/2019,27.19
07/05/2019,27.14
07/08/2019,26.73
07/09/2019,27.21
07/10/2019,27.3
07/11/2019,27.25
07/12/2019,27.23
7/15/2019,26.72
7/16/2019,26.27
7/17/2019,25.57
7/18/2019,26.15
7/19/2019,25.7
7/22/2019,25.97
7/23/2019,22.22
7/24/2019,23.01
7/25/2019,22.7
7/26/2019,23.34
7/29/2019,24.07
7/30/2019,25
7/31/2019,24.58
08/01/2019,28.67
08/02/2019,28.73
08/05/2019,28.59
08/06/2019,28.86
08/07/2019,29.01
08/08/2019,29.38
08/09/2019,29.87
08/12/2019,29.72
8/13/2019,29.45
8/14/2019,29.12
8/15/2019,29.02
8/16/2019,29.61
8/19/2019,29.24
8/20/2019,29.28
8/21/2019,29.83
8/22/2019,29.21
8/23/2019,28.05
8/26/2019,27.82
8/27/2019,27.76
8/28/2019,27.97
8/29/2019,28.44
8/30/2019,27.66
09/03/2019,25.26
09/04/2019,24.84
09/05/2019,24.52
09/06/2019,23.8
09/09/2019,38.85
09/10/2019,41.22
09/11/2019,41.39
09/12/2019,39.14
9/13/2019,40.45
9/16/2019,44.01
9/17/2019,42.6
9/18/2019,42.16
9/19/2019,41.68
9/20/2019,40.74
9/23/2019,41.61
9/24/2019,38.67
9/25/2019,39.21
9/26/2019,37.48
9/27/2019,36.78
9/30/2019,35.99
10/01/2019,36.21
10/02/2019,37.4
10/03/2019,38.3
10/04/2019,38.16
10/07/2019,38.7
10/08/2019,39.07
10/09/2019,39.88
10/10/2019,40.48
10/11/2019,40.52
10/14/2019,39.48
10/15/2019,40.16
10/16/2019,39.9
10/17/2019,39.98
10/18/2019,39.95
10/21/2019,43.24
10/22/2019,42.51
10/23/2019,41.81
10/24/2019,41.13
10/25/2019,41.58
10/28/2019,42.15
10/29/2019,42.26
10/30/2019,43.05
10/31/2019,42.41
11/01/2019,43
11/04/2019,42.45
11/05/2019,41.62
11/06/2019,40.99
11/07/2019,40.99
11/08/2019,42.61
11/11/2019,45.24
11/12/2019,46.33
11/13/2019,46.41
11/14/2019,45.47
11/15/2019,46.1
11/18/2019,45.07
11/19/2019,46.81
11/20/2019,46.19
11/21/2019,47.53
11/22/2019,47.08
11/25/2019,47.76
11/26/2019,47.4
11/27/2019,47
11/29/2019,45.29
12/02/2019,45.78
12/03/2019,44.94
12/04/2019,44.28
12/05/2019,50.48
12/06/2019,51.4
12/09/2019,47.93
12/10/2019,46.26
12/11/2019,45.01
12/12/2019,44.52
12/13/2019,44.34
12/16/2019,46.06
12/17/2019,46.12
12/18/2019,43.44
12/19/2019,43.63
12/20/2019,45.19
12/23/2019,44.57
12/24/2019,45.45
12/26/2019,45.05
12/27/2019,43.97
12/30/2019,43.16
12/31/2019,42.78
01/02/2020,41.11
01/03/2020,40.35
01/06/2020,42.81
01/07/2020,42.18
01/08/2020,44.41
01/09/2020,45.58
01/10/2020,45.24
1/13/2020,41.8
1/14/2020,44.05
1/15/2020,45.4
1/16/2020,44.56
1/17/2020,43.43
1/21/2020,43.37
1/22/2020,42.16
1/23/2020,40.79
1/24/2020,39.34
1/27/2020,40.43
1/28/2020,41.55
1/29/2020,40.24
1/30/2020,39.98
1/31/2020,39.94
02/03/2020,40.9
02/04/2020,41.67
02/05/2020,42.75
02/06/2020,41.94
02/07/2020,41.67
02/10/2020,43.49
02/11/2020,43.88
02/12/2020,45.22
2/13/2020,46.87
2/14/2020,46.09
2/18/2020,45.44
2/19/2020,45.84
2/20/2020,44.83
2/21/2020,45.13
2/24/2020,42.25
2/25/2020,40.67
2/26/2020,40.22
2/27/2020,39.1
2/28/2020,42.74
03/02/2020,43.76
03/03/2020,41.98
03/04/2020,44.53
03/05/2020,44.39
03/06/2020,41.91
03/09/2020,39.32
03/10/2020,41.01
03/11/2020,36.87
03/12/2020,35.39
3/13/2020,35.63
3/16/2020,31.65
3/17/2020,34.38
3/18/2020,33.21
3/19/2020,34.76
3/20/2020,33.37
3/23/2020,35
3/24/2020,38.06
3/25/2020,38.06
3/26/2020,39.52
3/27/2020,38.83
3/30/2020,41.32
3/31/2020,42.25
04/01/2020,39.26
04/02/2020,41.68
04/03/2020,40.76
04/06/2020,43.29
04/07/2020,41.71
04/08/2020,42.8
04/09/2020,43.8
4/13/2020,42.85
4/14/2020,44.93
4/15/2020,45.19
4/16/2020,46.55
4/17/2020,48.9
4/20/2020,49.73
4/21/2020,47.84
4/22/2020,49.41
4/23/2020,49.14
4/24/2020,50.93
4/27/2020,51.89
4/28/2020,50.64
4/29/2020,50.76
4/30/2020,48.31
05/01/2020,44.93
05/04/2020,46.59
05/05/2020,47.38
05/06/2020,48.18
05/07/2020,49.34
05/08/2020,50.72
05/11/2020,50.89
05/12/2020,49.37
5/13/2020,46.02
5/14/2020,47.36
5/15/2020,50.83
5/18/2020,52.06
5/19/2020,51.04
5/20/2020,52.55
5/21/2020,51.57
5/22/2020,51.24
5/26/2020,51.17
5/27/2020,50.63
5/28/2020,50.69
5/29/2020,49.68
06/01/2020,48.89
06/02/2020,48.02
06/03/2020,46.9
06/04/2020,45.75
06/05/2020,45.61
06/08/2020,46.81
06/09/2020,47.49
06/10/2020,47.02
06/11/2020,45.19
06/12/2020,45.85
6/15/2020,46.49
6/16/2020,47.34
6/17/2020,47.12
6/18/2020,49.32
6/19/2020,52.03
6/22/2020,52.32
6/23/2020,52.73
6/24/2020,52.02
6/25/2020,50.19
6/26/2020,47.93
6/29/2020,48.16
6/30/2020,48.47
07/01/2020,50.29
07/02/2020,51.61
07/06/2020,53.69
07/07/2020,57
07/08/2020,56.4
07/09/2020,56.07
07/10/2020,55.45
7/13/2020,52.32
7/14/2020,53.72
7/15/2020,55.13
7/16/2020,54.58
7/17/2020,54.97
7/20/2020,55.42
7/21/2020,44.69
7/22/2020,42.92
7/23/2020,43.75
7/24/2020,43.46
7/27/2020,44.33
7/28/2020,43.15
7/29/2020,42.53
7/30/2020,42.49
7/31/2020,41.57
08/03/2020,43.27
08/04/2020,43.52
08/05/2020,42.87
08/06/2020,43.63
08/07/2020,42.73
08/10/2020,41.29
08/11/2020,40.23
08/12/2020,39.86
8/13/2020,39.91
8/14/2020,39.35
8/17/2020,39.46
8/18/2020,39.66
8/19/2020,38.91
8/20/2020,39.27
8/21/2020,38.32
8/24/2020,38
8/25/2020,38.37
8/26/2020,37.67
8/27/2020,37.98
8/28/2020,37.98
8/31/2020,39.59
09/01/2020,38.08
09/02/2020,39.22
09/03/2020,38.39
09/04/2020,38.27
09/08/2020,38.2
09/09/2020,37.9
09/10/2020,36.42
09/11/2020,36.62
9/14/2020,38.61
9/15/2020,38.79
9/16/2020,39.2
9/17/2020,40.76
9/18/2020,42.42
9/21/2020,41.32
9/22/2020,40.97
9/23/2020,40.45
9/24/2020,38.61
9/25/2020,40.18
9/28/2020,40.23
9/29/2020,40.41
9/30/2020,41.25
10/01/2020,42.14
10/02/2020,41.36
10/05/2020,42.14
10/06/2020,41.68
10/07/2020,42.89
10/08/2020,43.18
10/09/2020,42.73
10/12/2020,43.12
10/13/2020,43.26
10/14/2020,42.92
10/15/2020,42.71
10/16/2020,42.61
10/19/2020,41.49
10/20/2020,41.21
10/21/2020,41.04
10/22/2020,42.23
10/23/2020,43.17
10/26/2020,44.87
10/27/2020,46.36
10/28/2020,46.42
10/29/2020,47.35
10/30/2020,46.45
11/02/2020,45.64
11/03/2020,46.6
11/04/2020,49.13
11/05/2020,48.56
11/06/2020,50.19
11/09/2020,50.03
11/10/2020,49.01
11/11/2020,49.07
11/12/2020,50.61
11/13/2020,51.57
11/16/2020,54.63
11/17/2020,55.29
11/18/2020,53.82
11/19/2020,53.61
11/20/2020,53.57
11/23/2020,53.84
11/24/2020,54.72
11/25/2020,55.86
11/27/2020,56
11/30/2020,56.66
12/01/2020,56.79
12/02/2020,54.73
12/03/2020,53.28
12/04/2020,54.24
12/07/2020,53.38
12/08/2020,54.06
12/09/2020,52.33
12/10/2020,52.57
12/11/2020,51.26
12/14/2020,52.13
12/15/2020,52.57
12/16/2020,53.08
12/17/2020,55.21
12/18/2020,55.25
12/21/2020,56.69
12/22/2020,55.59
12/23/2020,55.09
12/24/2020,55.01
12/28/2020,53.17
12/29/2020,53.78
12/30/2020,53.69
12/31/2020,53.46
01/04/2021,52.81
01/05/2021,52.03
01/06/2021,53.79
01/07/2021,54.99
01/08/2021,53.13
01/11/2021,54.42
01/12/2021,53.57
1/13/2021,53.31
1/14/2021,54.46
1/15/2021,53.66
1/19/2021,53.37
1/20/2021,53.34
1/21/2021,52.01
1/22/2021,52.83
1/25/2021,53.95
1/26/2021,51.61
1/27/2021,48.61
1/28/2021,49.54
1/29/2021,48.05
02/01/2021,46.58
02/02/2021,49.43
02/03/2021,49.32
02/04/2021,51.07
02/05/2021,51.7
02/08/2021,51.28
02/09/2021,50.45
02/10/2021,51.63
02/11/2021,51.24
02/12/2021,50.13
2/16/2021,49.12
2/17/2021,50.07
2/18/2021,50.42
2/19/2021,51.73
2/22/2021,50.18
2/23/2021,49.74
2/24/2021,48.69
2/25/2021,47.31
2/26/2021,48.97
03/01/2021,49.56
03/02/2021,46.94
03/03/2021,47.44
03/04/2021,45.82
03/05/2021,48.98
03/08/2021,45.78
03/09/2021,25.02
03/10/2021,26.89
03/11/2021,26.75
03/12/2021,27.04
3/15/2021,29.99
3/16/2021,27.34
3/17/2021,27.55
3/18/2021,27.05
3/19/2021,27.75
3/22/2021,27
3/23/2021,25.88
3/24/2021,25.34
3/25/2021,26.02
3/26/2021,25.86
3/29/2021,25.3
3/30/2021,25.71
3/31/2021,25.8
04/01/2021,25.59
04/05/2021,21.18
04/06/2021,20.64
04/07/2021,21.23
04/08/2021,20.68
04/09/2021,20.39
04/12/2021,20.43
4/13/2021,20.6
4/14/2021,21.28
4/15/2021,21.2
4/16/2021,21.15
4/19/2021,20.72
4/20/2021,20.8
4/21/2021,21.47
4/22/2021,20.87
4/23/2021,20.5
4/26/2021,21.35
4/27/2021,21.05
4/28/2021,20.77
4/29/2021,20.59
4/30/2021,20.56
05/03/2021,20.25
05/04/2021,19.52
05/05/2021,19.4
05/06/2021,20.95
05/07/2021,21.07
05/10/2021,21.02
05/11/2021,20.84
05/12/2021,21.83
5/13/2021,21.22
5/14/2021,21.77
5/17/2021,21.23
5/18/2021,21.39
5/19/2021,20.72
5/20/2021,21.58
5/21/2021,21.94
5/24/2021,21.32
5/25/2021,21.28
5/26/2021,21.71
5/27/2021,22.04
5/28/2021,22.34
06/01/2021,22.35
06/02/2021,22.62
06/03/2021,23.31
06/04/2021,23.69
06/07/2021,25.4
06/08/2021,26.57
06/09/2021,26.13
06/10/2021,27.3
06/11/2021,27.42
6/14/2021,27.24
6/15/2021,26.27
6/16/2021,25.9
6/17/2021,25.85
6/18/2021,26.03
6/21/2021,25.01
6/22/2021,24.88
6/23/2021,24.52
6/24/2021,25.01
6/25/2021,26.17
6/28/2021,25.33
6/29/2021,24.13
6/30/2021,24.39
07/01/2021,24.77
07/02/2021,24.3
07/06/2021,24.13
07/07/2021,23.97
07/08/2021,23.7
07/09/2021,23.71
07/12/2021,23.74
7/13/2021,23.98
7/14/2021,23.43
7/15/2021,23.16
7/16/2021,23.5
7/19/2021,23.21
7/20/2021,24.26
7/21/2021,23.73
7/22/2021,22.23
7/23/2021,21.46
7/26/2021,21.29
7/27/2021,21.15
7/28/2021,22.15
7/29/2021,22.29
7/30/2021,21.63
08/02/2021,21
08/03/2021,21.63
08/04/2021,21.05
08/05/2021,19.25
08/06/2021,19.18
08/09/2021,19.16
08/10/2021,18.49
08/11/2021,18.33
08/12/2021,18.04
8/13/2021,17.58
8/16/2021,16.84
8/17/2021,17.24
8/18/2021,16.72
8/19/2021,16.14
8/20/2021,16.68
8/23/2021,17
8/24/2021,17
8/25/2021,17.18
8/26/2021,16.68
8/27/2021,17.11
8/30/2021,16.97
8/31/2021,17.51
09/01/2021,17.69
09/02/2021,17.17
09/03/2021,16.78
09/07/2021,16.28
09/08/2021,16.53
09/09/2021,16.45
09/10/2021,16.09
9/13/2021,16.26
9/14/2021,15.78
9/15/2021,15.9
9/16/2021,16.12
9/17/2021,16.7
9/20/2021,16.71
9/21/2021,17.02
9/22/2021,17.04
9/23/2021,17.37
9/24/2021,16.94
9/27/2021,17.41
9/28/2021,17.27
9/29/2021,16.96
9/30/2021,16.61
10/01/2021,17.48
10/04/2021,16.79
10/05/2021,16.92
10/06/2021,16.87
10/07/2021,17.06
10/08/2021,16.93
10/11/2021,17.4
10/12/2021,17.63
10/13/2021,17.84
10/14/2021,17.82
10/15/2021,17.51
10/18/2021,17.6
10/19/2021,17.69
10/20/2021,17.98
10/21/2021,18.05
10/22/2021,18.54
10/25/2021,17.36
10/26/2021,17.56
10/27/2021,17.56
10/28/2021,18.11
10/29/2021,17.95
11/01/2021,20.53
11/02/2021,19.18
11/03/2021,20.37
11/04/2021,20.02
11/05/2021,20.02
11/08/2021,19.57
11/09/2021,21.57
11/10/2021,20.34
11/11/2021,20.68
11/12/2021,20.65
11/15/2021,19.77
11/16/2021,20.46
11/17/2021,19.48
11/18/2021,18.95
11/19/2021,19.15
11/22/2021,19.29
11/23/2021,19.49
11/24/2021,19.78
11/26/2021,18.79
11/29/2021,18.84
11/30/2021,19.2
12/01/2021,18.9
12/02/2021,19.94
12/03/2021,18.79
12/06/2021,19.4
12/07/2021,21.32
12/08/2021,21.78
12/09/2021,22.62
12/10/2021,22.26
12/13/2021,22.9
12/14/2021,23
12/15/2021,24.38
12/16/2021,24.79
12/17/2021,25.76
12/20/2021,27.09
12/21/2021,21.45
12/22/2021,23.92
12/23/2021,24.3
12/27/2021,24.32
12/28/2021,24.67
12/29/2021,23.96
12/30/2021,23.54
12/31/2021,23.34
01/03/2022,24.39
01/04/2022,23.62
01/05/2022,23.11
01/06/2022,23.39
01/07/2022,22.59
01/10/2022,22.71
01/11/2022,22.75
01/12/2022,22.14
1/13/2022,22.14
1/14/2022,23.05
1/18/2022,20.94
1/19/2022,21.87
1/20/2022,21.49
1/21/2022,21.18
1/24/2022,22.45
1/25/2022,21.93
1/26/2022,21.93
1/27/2022,21.53
1/28/2022,22.11
1/31/2022,22.49
02/01/2022,23.84
02/02/2022,23.41
02/03/2022,23.13
02/04/2022,23.6
02/07/2022,25.31
02/08/2022,25.13
02/09/2022,26.85
02/10/2022,26.23
02/11/2022,25.95
2/14/2022,26.19
2/15/2022,27.28
2/16/2022,27.5
2/17/2022,26.63
2/18/2022,25.86
2/22/2022,26.15
2/23/2022,24.69
2/24/2022,25.82
2/25/2022,25.64
2/28/2022,25.41
03/01/2022,25.07
03/02/2022,24.66
03/03/2022,24.36
03/04/2022,24.04
03/07/2022,24.4
03/08/2022,23.4
03/09/2022,25.78
03/10/2022,24.56
03/11/2022,23.18
3/14/2022,22.27
3/15/2022,23.05
3/16/2022,23.6
3/17/2022,23.86
3/18/2022,25.38
3/21/2022,25.55
3/22/2022,26.39
3/23/2022,25.68
3/24/2022,27.15
3/25/2022,26.89
3/28/2022,24.65
3/29/2022,25.32
3/30/2022,24.41
3/31/2022,24.22
04/01/2022,25.56
04/04/2022,26.22
04/05/2022,25.75
04/06/2022,27.22
04/07/2022,27.06
04/08/2022,26
04/11/2022,23.62
04/12/2022,23.4
4/13/2022,24.43
4/14/2022,23.47
4/18/2022,22.41
4/19/2022,21.72
4/20/2022,22.32
4/21/2022,21.34
4/22/2022,20.43
4/25/2022,20.26
4/26/2022,18.94
4/27/2022,18.99
4/28/2022,18.96
4/29/2022,18.44
05/02/2022,19.54
05/03/2022,19.81
05/04/2022,19.89
05/05/2022,18.83
05/06/2022,17.88
05/09/2022,16.38
05/10/2022,16.84
05/11/2022,15.29
05/12/2022,16.03
5/13/2022,16.85
5/16/2022,16.6
5/17/2022,17.05
5/18/2022,16.04
5/19/2022,16.83
5/20/2022,17.11
5/23/2022,16.79
5/24/2022,15.98
5/25/2022,15.96
5/26/2022,16.23
5/27/2022,17.08
5/31/2022,16.15
06/01/2022,16.37
06/02/2022,16.21
06/03/2022,17.9
06/06/2022,16.93
06/07/2022,18.27
06/08/2022,18.12
06/09/2022,17.43
06/10/2022,17.09
6/13/2022,16.77
6/14/2022,16.25
6/15/2022,18.77
6/16/2022,19.51
6/21/2022,13.01
6/22/2022,13.43
6/23/2022,14.72
6/24/2022,14.98
6/27/2022,14.64
6/28/2022,14
6/29/2022,14.22
6/30/2022,14.09
07/01/2022,14.37
07/05/2022,15.27
07/06/2022,15.12
07/07/2022,15.71
07/08/2022,15.74
07/11/2022,15.92
07/12/2022,15.53
7/13/2022,15.99
7/14/2022,15.74
7/15/2022,15.28
7/18/2022,15.01
7/19/2022,15.47
7/20/2022,15.09
7/21/2022,14.98
7/22/2022,14.42
7/25/2022,14.23
7/26/2022,14.16
7/27/2022,14.77
7/28/2022,14.58
7/29/2022,14.69
08/01/2022,14.11
08/02/2022,15.01
08/03/2022,14.97
08/04/2022,15.62
08/05/2022,16.44
08/08/2022,16.62
08/09/2022,16.22
08/10/2022,16.15
08/11/2022,15.74
08/12/2022,16.4
8/15/2022,16.6
8/16/2022,16.96
8/17/2022,17.06
8/18/2022,17.37
8/19/2022,16.91
8/22/2022,16.75
8/23/2022,16.88
8/24/2022,17.14
8/25/2022,16.84
8/26/2022,16.53
8/29/2022,16.47
8/30/2022,16.12
8/31/2022,16.43
09/01/2022,16.87
09/02/2022,16.73
09/06/2022,16.13
09/07/2022,16.85
09/08/2022,17.42
09/09/2022,17.38
09/12/2022,17.91
9/13/2022,16.9
9/14/2022,17.43
9/15/2022,18.27
9/16/2022,18.02
9/19/2022,17.87
9/20/2022,18.16
9/21/2022,17.07
9/22/2022,16.99
9/23/2022,16.75
9/26/2022,16.28
9/27/2022,16.73
9/28/2022,16.79
9/29/2022,16.14
9/30/2022,16.36
10/03/2022,17.04
10/04/2022,18.06
10/05/2022,18.05
10/06/2022,18.63
10/07/2022,16.29
10/10/2022,16.12
10/11/2022,15.88
10/12/2022,15.65
10/13/2022,16.16
10/14/2022,15.72
10/17/2022,15.96
10/18/2022,16.03
10/19/2022,15.6
10/20/2022,15.68
10/21/2022,15.88
10/24/2022,15.51
10/25/2022,15.72
10/26/2022,16.01
10/27/2022,15.7
10/28/2022,16.13
10/31/2022,16.03
11/01/2022,15.86
11/02/2022,15.93
11/03/2022,14.82
11/04/2022,14.67
11/07/2022,14.49
11/08/2022,15.3
11/09/2022,14.96
11/10/2022,16.42
11/11/2022,16.39
11/14/2022,15.92
11/15/2022,15.69
11/16/2022,15.19
11/17/2022,14.98
11/18/2022,15.15
11/21/2022,14.78
11/22/2022,15.04
11/23/2022,15
11/25/2022,15.11
11/28/2022,14.77
11/29/2022,14.67
11/30/2022,15.58
12/01/2022,15.34
12/02/2022,15.76
12/05/2022,15.24
12/06/2022,14.9
12/07/2022,14.66
12/08/2022,14.63
12/09/2022,14.49
12/12/2022,15.51
12/13/2022,15.82
12/14/2022,15.78
12/15/2022,15.07
12/16/2022,15.39
12/19/2022,15.1
12/20/2022,15.45
12/21/2022,15.31
12/22/2022,15.82
12/23/2022,15.47
12/27/2022,15.3
12/28/2022,15.28
12/29/2022,15.95
12/30/2022,15.92
01/03/2023,16.32
01/04/2023,17.1
01/05/2023,17.22
01/06/2023,17.3
01/09/2023,16.86
01/10/2023,17.3
01/11/2023,17.02
01/12/2023,18.34
1/13/2023,18.4
1/17/2023,18.05
1/18/2023,17.97
1/19/2023,18.48
1/20/2023,19.35
1/23/2023,19.09
1/24/2023,19
1/25/2023,18.69
1/26/2023,18.66
1/27/2023,18.57
1/30/2023,18.53
1/31/2023,19.03
02/01/2023,18.93
02/02/2023,19.91
02/03/2023,19.83
02/06/2023,19.85
02/07/2023,20.11
02/08/2023,19.72
02/09/2023,19.13
02/10/2023,18.97
2/13/2023,19.18
2/14/2023,19.1
2/15/2023,18.97
2/16/2023,18.71
2/17/2023,19.37
2/21/2023,18.62
2/22/2023,18.96
2/23/2023,19.1
2/24/2023,18.92
2/27/2023,19.4
2/28/2023,20.69
03/01/2023,20.92
03/02/2023,20.29
03/03/2023,20.34
03/06/2023,20.63
03/07/2023,20.36
03/08/2023,20.77
03/09/2023,20.51
03/10/2023,20.37
3/13/2023,19.41
3/14/2023,20.38
3/15/2023,19.85
3/16/2023,20.62
3/17/2023,19.8
3/20/2023,19.76
3/21/2023,19.45
3/22/2023,18.5
3/23/2023,18.32
3/24/2023,18.24
3/27/2023,18.6
3/28/2023,18.43
3/29/2023,18.98
3/30/2023,18.7
3/31/2023,18.82
04/03/2023,18.93
04/04/2023,18.48
04/05/2023,18.28
04/06/2023,18.35
04/10/2023,17.8
04/11/2023,18.09
04/12/2023,18.34
4/13/2023,18.52
4/14/2023,17.99
4/17/2023,19.37
4/18/2023,19.72
4/19/2023,20.02
4/20/2023,19.97
4/21/2023,20.09
4/24/2023,20.14
4/25/2023,20.11
4/26/2023,20.31
4/27/2023,20.5
4/28/2023,21.33
05/01/2023,21.75
05/02/2023,21.38
05/03/2023,21.2
05/04/2023,21.55
05/05/2023,21.93
05/08/2023,21.55
05/09/2023,21.43
05/10/2023,21.65
05/11/2023,21.34
05/12/2023,21.47
5/15/2023,22.12
5/16/2023,21.88
5/17/2023,22.68
5/18/2023,23.2
5/19/2023,24.31
5/22/2023,24.8
5/23/2023,25.54
5/24/2023,25.65
5/25/2023,24.45
5/26/2023,24.78
5/30/2023,23.79
5/31/2023,23.5
06/01/2023,23.9
06/02/2023,24.61
06/05/2023,23.97
06/06/2023,23.99
06/07/2023,24.63
06/08/2023,25.09
06/09/2023,24.72
06/12/2023,24.61
6/13/2023,25.03
6/14/2023,24.14
6/15/2023,24.39
6/16/2023,24.07
6/20/2023,23.84
6/21/2023,24.09
6/22/2023,24.04
6/23/2023,24.51
6/26/2023,23.86
6/27/2023,24.22
6/28/2023,24.17
6/29/2023,24
6/30/2023,23.95
07/03/2023,24
07/05/2023,24.16
07/06/2023,24.23
07/07/2023,24.4
07/10/2023,24.77
07/11/2023,24.86
07/12/2023,25.86
7/13/2023,25.8
7/14/2023,32.18
7/17/2023,33.47
7/18/2023,32.99
7/19/2023,31.91
7/20/2023,31.26
7/21/2023,30.8
7/24/2023,30.02
7/25/2023,29.6
7/26/2023,29.16
7/27/2023,29.02
7/28/2023,29.04
7/31/2023,29.24
08/01/2023,28.94
08/02/2023,29.2
08/03/2023,27.2
08/04/2023,27.19
08/07/2023,26.8
08/08/2023,26.72
08/09/2023,26.59
08/10/2023,26.65
08/11/2023,27.37
8/14/2023,28.01
