Date,Open,High,Low,Close,Adj Close,Volume
2020-12-31,0.21178700029850006,0.22761300206184387,0.2064650058746338,0.2198459953069687,0.2198459953069687,5363979601
2021-01-01,0.2198449969291687,0.2492700070142746,0.21728800237178802,0.23744399845600128,0.23744399845600128,5888429287
2021-01-02,0.23767000436782837,0.23838800191879272,0.21581600606441498,0.2216549962759018,0.2216549962759018,4773658725
2021-01-03,0.22174400091171265,0.23774099349975586,0.21716700494289398,0.2258480042219162,0.2258480042219162,5109898871
2021-01-04,0.22603799402713776,0.2564769983291626,0.21972200274467468,0.23667700588703156,0.23667700588703156,6141918380
2021-01-05,0.2366359978914261,0.24125100672245026,0.22160199284553528,0.22675000131130219,0.22675000131130219,5378491929
2021-01-06,0.2268660068511963,0.2691580057144165,0.2234639972448349,0.2508949935436249,0.2508949935436249,7552726810
2021-01-07,0.2509259879589081,0.36529600620269775,0.2478100061416626,0.32600200176239014,0.32600200176239014,15955049240
2021-01-08,0.3260889947414398,0.3459160029888153,0.2915390133857727,0.32322999835014343,0.32322999835014343,9825829516
2021-01-09,0.3231559991836548,0.3398590087890625,0.3078950047492981,0.32691600918769836,0.32691600918769836,7184429145
2021-01-10,0.32683300971984863,0.3652209937572479,0.29215899109840393,0.31833600997924805,0.31833600997924805,9647740012
2021-01-11,0.31794100999832153,0.31794100999832153,0.2594679892063141,0.28890499472618103,0.28890499472618103,9787288503
2021-01-12,0.28867700695991516,0.30992400646209717,0.2793700098991394,0.2921229898929596,0.2921229898929596,6557418314
2021-01-13,0.29202800989151,0.3087979853153229,0.286888986825943,0.3055799901485443,0.3055799901485443,4831812051
2021-01-14,0.3055360019207001,0.30834299325942993,0.28421100974082947,0.2954379916191101,0.2954379916191101,5277189444
2021-01-15,0.2955690026283264,0.30175700783729553,0.2647469937801361,0.28040599822998047,0.28040599822998047,4955409029
2021-01-16,0.28029200434684753,0.2951909899711609,0.2770099937915802,0.2801879942417145,0.2801879942417145,4116256007
2021-01-17,0.28006699681282043,0.28526800870895386,0.27065199613571167,0.2773840129375458,0.2773840129375458,3488557208
2021-01-18,0.27737200260162354,0.2876240015029907,0.2726370096206665,0.2847689986228943,0.2847689986228943,3239112861
2021-01-19,0.28482601046562195,0.32618799805641174,0.2839969992637634,0.2943139970302582,0.2943139970302582,5583136814
2021-01-20,0.2942189872264862,0.30862098932266235,0.2819859981536865,0.2965179979801178,0.2965179979801178,4528341598
2021-01-21,0.29646599292755127,0.3062179982662201,0.2631239891052246,0.26894599199295044,0.26894599199295044,4453463443
2021-01-22,0.268775999546051,0.27784299850463867,0.24491700530052185,0.27279898524284363,0.27279898524284363,4501765714
2021-01-23,0.27261099219322205,0.2826229929924011,0.26697900891304016,0.271820992231369,0.271820992231369,3018882841
2021-01-24,0.27184000611305237,0.27742499113082886,0.2702159881591797,0.2735089957714081,0.2735089957714081,2472431875
2021-01-25,0.27347299456596375,0.2824169993400574,0.2687999904155731,0.269089013338089,0.269089013338089,2925493997
2021-01-26,0.2690489888191223,0.27110400795936584,0.2597079873085022,0.26882699131965637,0.26882699131965637,2790821503
2021-01-27,0.2688559889793396,0.2689720094203949,0.24553200602531433,0.2519429922103882,0.2519429922103882,2940937079
2021-01-28,0.25191500782966614,0.269008994102478,0.24878600239753723,0.26412200927734375,0.26412200927734375,2793379611
2021-01-29,0.27052998542785645,0.3101939857006073,0.26048800349235535,0.2821879982948303,0.2821879982948303,8031899348
2021-01-30,0.282151997089386,0.4893459975719452,0.27982500195503235,0.44024398922920227,0.44024398922920227,24417465997
2021-01-31,0.4378319978713989,0.49970200657844543,0.3894979953765869,0.49231401085853577,0.49231401085853577,24394851756
2021-02-01,0.4925119876861572,0.7448210120201111,0.3606930077075958,0.37150898575782776,0.37150898575782776,34974233953
2021-02-02,0.3705199956893921,0.40426400303840637,0.3442690074443817,0.369269996881485,0.369269996881485,12756138062
2021-02-03,0.3693639934062958,0.40806201100349426,0.3693639934062958,0.3934899866580963,0.3934899866580963,8672301822
2021-02-04,0.3934110105037689,0.4723060131072998,0.37918099761009216,0.44644901156425476,0.44644901156425476,13193400182
2021-02-05,0.44532498717308044,0.4647049903869629,0.42510199546813965,0.45004698634147644,0.45004698634147644,10229060640
2021-02-06,0.4501569867134094,0.45228201150894165,0.42671000957489014,0.43909600377082825,0.43909600377082825,7625571666
2021-02-07,0.43912801146507263,0.44551900029182434,0.39876699447631836,0.41795799136161804,0.41795799136161804,7495069765
2021-02-08,0.4177660048007965,0.45991599559783936,0.4127190113067627,0.44770199060440063,0.44770199060440063,8180714581
2021-02-09,0.4476589858531952,0.4851909875869751,0.44756999611854553,0.47199100255966187,0.47199100255966187,9634769935
2021-02-10,0.4719190001487732,0.5341050028800964,0.46599000692367554,0.503445029258728,0.503445029258728,13793347172
2021-02-11,0.5030530095100403,0.5276169776916504,0.5011360049247742,0.5247870087623596,0.5247870087623596,8979459920
2021-02-12,0.5246269702911377,0.6126300096511841,0.5182650089263916,0.6085919737815857,0.6085919737815857,13950086407
2021-02-13,0.6081050038337708,0.6370350122451782,0.549917995929718,0.6289960145950317,0.6289960145950317,14161115005
2021-02-14,0.6284499764442444,0.6323860287666321,0.5671550035476685,0.5941929817199707,0.5941929817199707,10460949240
2021-02-15,0.5934529900550842,0.600051999092102,0.5215640068054199,0.5489150285720825,0.5489150285720825,10563510365
2021-02-16,0.5485950112342834,0.5773149728775024,0.4900380074977875,0.5208460092544556,0.5208460092544556,10310430732
2021-02-17,0.5207980275154114,0.5543609857559204,0.49711599946022034,0.5355370044708252,0.5355370044708252,9332962077
2021-02-18,0.5350980162620544,0.5586410164833069,0.5238720178604126,0.5324329733848572,0.5324329733848572,5621706995
2021-02-19,0.5325700044631958,0.5790839791297913,0.5206549763679504,0.567018985748291,0.567018985748291,6896487164
2021-02-20,0.5668830275535583,0.582423985004425,0.4824399948120117,0.5175120234489441,0.5175120234489441,7892199926
2021-02-21,0.5168790221214294,0.5583670139312744,0.508463978767395,0.5485600233078003,0.5485600233078003,6569716153
2021-02-22,0.5483239889144897,0.6398509740829468,0.5200690031051636,0.571740984916687,0.571740984916687,18769236632
2021-02-23,0.5709890127182007,0.5709890127182007,0.3793019950389862,0.47356298565864563,0.47356298565864563,14359021786
2021-02-24,0.4742009937763214,0.4993700087070465,0.45475900173187256,0.4718320071697235,0.4718320071697235,8015468859
2021-02-25,0.47177600860595703,0.4825170040130615,0.42910298705101013,0.4345239996910095,0.4345239996910095,5952353924
2021-02-26,0.43494099378585815,0.450439989566803,0.41555899381637573,0.4278999865055084,0.4278999865055084,6476253874
2021-02-27,0.42790400981903076,0.4575960040092468,0.42790400981903076,0.4378089904785156,0.4378089904785156,4756622833
2021-02-28,0.4377639889717102,0.4394400119781494,0.3976989984512329,0.41495299339294434,0.41495299339294434,4325860134
2021-03-01,0.4151090085506439,0.4513480067253113,0.4135870039463043,0.44724398851394653,0.44724398851394653,3547533777
2021-03-02,0.44649600982666016,0.4547640085220337,0.4248430132865906,0.43683698773384094,0.43683698773384094,3388591213
2021-03-03,0.4369029998779297,0.4666520059108734,0.43352600932121277,0.45027899742126465,0.45027899742126465,3304301858
2021-03-04,0.45006000995635986,0.4931420087814331,0.4380030035972595,0.4866049885749817,0.4866049885749817,6027421637
2021-03-05,0.48583099246025085,0.48583099246025085,0.4499480128288269,0.4581190049648285,0.4581190049648285,4288262516
2021-03-06,0.457863986492157,0.47068798542022705,0.4524950087070465,0.4651060104370117,0.4651060104370117,2758849692
2021-03-07,0.4650940001010895,0.4692859947681427,0.4598659873008728,0.46686699986457825,0.46686699986457825,2364586464
2021-03-08,0.4668880105018616,0.4859890043735504,0.4573189914226532,0.47359699010849,0.47359699010849,3587390975
2021-03-09,0.4737449884414673,0.48598799109458923,0.47244200110435486,0.48598799109458923,0.48598799109458923,3020728025
2021-03-10,0.4859029948711395,0.48764699697494507,0.4588310122489929,0.4631659984588623,0.4631659984588623,3271277631
2021-03-11,0.4630489945411682,0.46428200602531433,0.44301700592041016,0.4529600143432617,0.4529600143432617,3186670815
2021-03-12,0.4529910087585449,0.4636940062046051,0.43301498889923096,0.44113099575042725,0.44113099575042725,3326213717
2021-03-13,0.4411090016365051,0.46482399106025696,0.4355219900608063,0.45992401242256165,0.45992401242256165,3212270555
2021-03-14,0.4596309959888458,0.46209201216697693,0.442111998796463,0.442111998796463,0.442111998796463,2509435800
2021-03-15,0.44208699464797974,0.44831401109695435,0.42654699087142944,0.4375549852848053,0.4375549852848053,3116009271
2021-03-16,0.4374539852142334,0.5149589776992798,0.43007799983024597,0.4625999927520752,0.4625999927520752,7382009786
2021-03-17,0.46282199025154114,0.4833120107650757,0.4570609927177429,0.4724169969558716,0.4724169969558716,4341765347
2021-03-18,0.4723829925060272,0.49080899357795715,0.4558359980583191,0.4729189872741699,0.4729189872741699,3265976425
2021-03-19,0.4727970063686371,0.4783880114555359,0.4634320139884949,0.47117099165916443,0.47117099165916443,2626051305
2021-03-20,0.47110500931739807,0.5529289841651917,0.47016099095344543,0.5269910097122192,0.5269910097122192,6757879312
2021-03-21,0.5274159908294678,0.5463770031929016,0.49992799758911133,0.5198349952697754,0.5198349952697754,5539749484
2021-03-22,0.5198100209236145,0.6026179790496826,0.5054709911346436,0.5499420166015625,0.5499420166015625,9732075816
2021-03-23,0.5501350164413452,0.5993130207061768,0.543969988822937,0.5565950274467468,0.5565950274467468,7610195005
2021-03-24,0.5562649965286255,0.5646770000457764,0.4692850112915039,0.48883700370788574,0.48883700370788574,5446433135
2021-03-25,0.4882340133190155,0.5273680090904236,0.471127986907959,0.5174980163574219,0.5174980163574219,6061921454
2021-03-26,0.5173889994621277,0.5749750137329102,0.5165150165557861,0.5670549869537354,0.5670549869537354,5807865028
2021-03-27,0.5671929717063904,0.5759180188179016,0.5398240089416504,0.5504429936408997,0.5504429936408997,3684247475
2021-03-28,0.5503770112991333,0.5622050166130066,0.5454779863357544,0.5507559776306152,0.5507559776306152,2795107715
2021-03-29,0.5506449937820435,0.5707110166549683,0.548183023929596,0.5678709745407104,0.5678709745407104,3549650231
2021-03-30,0.5677369832992554,0.585902988910675,0.5630840063095093,0.5668590068817139,0.5668590068817139,3831603058
2021-03-31,0.5668330192565918,0.5792279839515686,0.5447459816932678,0.573868989944458,0.573868989944458,4849764990
2021-04-01,0.5739589929580688,0.5958170294761658,0.5590019822120667,0.5792919993400574,0.5792919993400574,4725008531
2021-04-02,0.5793600082397461,0.6173819899559021,0.575203001499176,0.6165689826011658,0.6165689826011658,5404854336
2021-04-03,0.6167790293693542,0.6533499956130981,0.5877479910850525,0.5909150242805481,0.5909150242805481,6757992981
2021-04-04,0.5909090042114258,0.6469770073890686,0.5830129981040955,0.6467289924621582,0.6467289924621582,4613898769
2021-04-05,0.6467030048370361,0.9368550181388855,0.633974015712738,0.9204729795455933,0.9204729795455933,26415199263
2021-04-06,0.9169179797172546,1.1179159879684448,0.8244079947471619,1.0962660312652588,1.0962660312652588,36955175105
2021-04-07,1.0975470542907715,1.1044880151748657,0.8694139719009399,0.917576014995575,0.917576014995575,21942171678
2021-04-08,0.9190549850463867,1.0725680589675903,0.9056270122528076,1.0527559518814087,1.0527559518814087,12888349509
2021-04-09,1.0534169673919678,1.0831589698791504,0.9865850210189819,1.0208369493484497,1.0208369493484497,10235269531
2021-04-10,1.0202820301055908,1.3899569511413574,1.0086359977722168,1.3744159936904907,1.3744159936904907,25547794935
2021-04-11,1.3720680475234985,1.4920719861984253,1.3088279962539673,1.3605300188064575,1.3605300188064575,21224874412
2021-04-12,1.3540040254592896,1.4701449871063232,1.3240770101547241,1.4677350521087646,1.4677350521087646,13216559312
2021-04-13,1.470080018043518,1.8884390592575073,1.4230339527130127,1.7940009832382202,1.7940009832382202,31123574741
2021-04-14,1.7942479848861694,1.9649970531463623,1.5790770053863525,1.8392360210418701,1.8392360210418701,29025829007
2021-04-15,1.8372809886932373,1.8828190565109253,1.6581029891967773,1.7660670280456543,1.7660670280456543,15403982671
2021-04-16,1.7593029737472534,1.808948040008545,1.4495480060577393,1.55752694606781,1.55752694606781,20594074869
2021-04-17,1.5530270338058472,1.7405279874801636,1.5415029525756836,1.5600550174713135,1.5600550174713135,14507135285
2021-04-18,1.5591039657592773,1.5785670280456543,1.1746649742126465,1.4059979915618896,1.4059979915618896,22933939682
2021-04-19,1.4094569683074951,1.5303809642791748,1.2583069801330566,1.3150440454483032,1.3150440454483032,17637508685
2021-04-20,1.3099509477615356,1.4456360340118408,1.1862280368804932,1.3832989931106567,1.3832989931106567,15562116615
2021-04-21,1.3861570358276367,1.4585399627685547,1.2828229665756226,1.2964979410171509,1.2964979410171509,12545052977
2021-04-22,1.2918070554733276,1.4131920337677002,1.1190860271453857,1.159682035446167,1.159682035446167,14899537552
2021-04-23,1.1571389436721802,1.1940040588378906,0.901078999042511,1.169659972190857,1.169659972190857,20235915090
2021-04-24,1.1701899766921997,1.1702840328216553,1.0244170427322388,1.0487060546875,1.0487060546875,8586287312
2021-04-25,1.049489974975586,1.1530250310897827,0.9529150128364563,1.032256007194519,1.032256007194519,8573604939
2021-04-26,1.0351829528808594,1.3690769672393799,1.016921043395996,1.3685059547424316,1.3685059547424316,15417459290
2021-04-27,1.3667429685592651,1.4597359895706177,1.3311899900436401,1.4009549617767334,1.4009549617767334,13584693517
2021-04-28,1.401563048362732,1.4469749927520752,1.288701057434082,1.3586009740829468,1.3586009740829468,9272726011
2021-04-29,1.3579649925231934,1.4183310270309448,1.3309470415115356,1.399359941482544,1.399359941482544,7633164142
2021-04-30,1.3984999656677246,1.6355210542678833,1.3764679431915283,1.5916739702224731,1.5916739702224731,14160854005
2021-05-01,1.5984090566635132,1.6650110483169556,1.52994704246521,1.6510250568389893,1.6510250568389893,8206771323
2021-05-02,1.651960015296936,1.656330943107605,1.533619999885559,1.5626410245895386,1.5626410245895386,6933641361
2021-05-03,1.5624929666519165,1.6215989589691162,1.528555989265442,1.555994987487793,1.555994987487793,7612512785
2021-05-04,1.5559539794921875,1.5572309494018555,1.3386640548706055,1.3923759460449219,1.3923759460449219,12855752789
2021-05-05,1.388069987297058,1.6225359439849854,1.3712739944458008,1.6145119667053223,1.6145119667053223,13318453320
2021-05-06,1.6155070066452026,1.7588200569152832,1.5473239421844482,1.6005810499191284,1.6005810499191284,16099528279
2021-05-07,1.6039799451828003,1.6912579536437988,1.5112910270690918,1.5817550420761108,1.5817550420761108,10400571927
2021-05-08,1.5809400081634521,1.6271849870681763,1.5430999994277954,1.5625979900360107,1.5625979900360107,6349608020
2021-05-09,1.563478946685791,1.5934150218963623,1.4441269636154175,1.5352929830551147,1.5352929830551147,8243079607
2021-05-10,1.5344070196151733,1.6257410049438477,1.2500029802322388,1.3890060186386108,1.3890060186386108,11181774844
2021-05-11,1.3918349742889404,1.4868600368499756,1.3636759519577026,1.4776819944381714,1.4776819944381714,7973181908
2021-05-12,1.4791359901428223,1.5424530506134033,1.247864007949829,1.247864007949829,1.247864007949829,9272699846
2021-05-13,1.2712730169296265,1.3889240026474,1.2094570398330688,1.3589099645614624,1.3589099645614624,12358993946
2021-05-14,1.363347053527832,1.4422290325164795,1.3245450258255005,1.4029170274734497,1.4029170274734497,7570332417
2021-05-15,1.4017059803009033,1.5824780464172363,1.3248120546340942,1.4858800172805786,1.4858800172805786,13321419261
2021-05-16,1.487457036972046,1.6079820394515991,1.3515160083770752,1.452605962753296,1.452605962753296,12405363634
2021-05-17,1.4492039680480957,1.5593249797821045,1.3282790184020996,1.4962999820709229,1.4962999820709229,13573485606
2021-05-18,1.494104027748108,1.7022089958190918,1.476958990097046,1.5907340049743652,1.5907340049743652,14847139298
2021-05-19,1.593269944190979,1.64437997341156,0.8753179907798767,1.0703129768371582,1.0703129768371582,20523476458
2021-05-20,1.061532974243164,1.2684489488601685,0.9118139743804932,1.1855369806289673,1.1855369806289673,13626658452
2021-05-21,1.1811829805374146,1.2159260511398315,0.8695480227470398,1.0069760084152222,1.0069760084152222,10998911191
2021-05-22,1.0095770359039307,1.0153390169143677,0.826445996761322,0.9063169956207275,0.9063169956207275,8750076614
2021-05-23,0.9065110087394714,0.9673460125923157,0.6522539854049683,0.7970150113105774,0.7970150113105774,10816054413
2021-05-24,0.7931619882583618,0.9985949993133545,0.7585899829864502,0.9928349852561951,0.9928349852561951,8239461926
2021-05-25,0.9940299987792969,1.0578399896621704,0.8838269710540771,0.976186990737915,0.976186990737915,8637179369
2021-05-26,0.9758309721946716,1.06694495677948,0.9501039981842041,1.0337250232696533,1.0337250232696533,6376977398
2021-05-27,1.0335739850997925,1.042896032333374,0.9356160163879395,0.9702349901199341,0.9702349901199341,5204084865
2021-05-28,0.9739519953727722,0.983460009098053,0.8475710153579712,0.9001479744911194,0.9001479744911194,6082828979
2021-05-29,0.899495005607605,0.9397919774055481,0.7950699925422668,0.8317880034446716,0.8317880034446716,5156278121
2021-05-30,0.8319939970970154,0.9301270246505737,0.7998250126838684,0.9066089987754822,0.9066089987754822,4077064725
2021-05-31,0.9063839912414551,1.0490219593048096,0.8825560212135315,1.0465840101242065,1.0465840101242065,6277821474
2021-06-01,1.0421019792556763,1.0996390581130981,0.9793369770050049,1.0110009908676147,1.0110009908676147,5606414479
2021-06-02,1.011214017868042,1.049746036529541,0.9813650250434875,1.024399995803833,1.024399995803833,3598008182
2021-06-03,1.0251460075378418,1.0782749652862549,1.0085489749908447,1.045320987701416,1.045320987701416,3661357809
2021-06-04,1.045106053352356,1.0452710390090942,0.9201670289039612,0.970196008682251,0.970196008682251,4638523697
2021-06-05,0.9699789881706238,0.9979469776153564,0.8975290060043335,0.9232860207557678,0.9232860207557678,3257149049
2021-06-06,0.9234809875488281,0.9495319724082947,0.9187600016593933,0.945285975933075,0.945285975933075,2308242807
2021-06-07,0.9467179775238037,0.9743459820747375,0.8489819765090942,0.8611549735069275,0.8611549735069275,3466113432
2021-06-08,0.8627809882164001,0.8854979872703552,0.7886430025100708,0.8757879734039307,0.8757879734039307,4491339501
2021-06-09,0.8740580081939697,0.9200339913368225,0.8323310017585754,0.9200339913368225,0.9200339913368225,3990884688
2021-06-10,0.9213240146636963,0.927827000617981,0.8537970185279846,0.8691819906234741,0.8691819906234741,3157272780
2021-06-11,0.8692470192909241,0.879190981388092,0.8359429836273193,0.8484500050544739,0.8484500050544739,2502880892
2021-06-12,0.8478789925575256,0.8478789925575256,0.8076980113983154,0.8326830267906189,0.8326830267906189,2731548390
2021-06-13,0.8332520127296448,0.8880770206451416,0.8192729949951172,0.8831599950790405,0.8831599950790405,3059837086
2021-06-14,0.8830479979515076,0.926110029220581,0.8638150095939636,0.8928970098495483,0.8928970098495483,3005221040
2021-06-15,0.8870689868927002,0.9022529721260071,0.860289990901947,0.8898000121116638,0.8898000121116638,3585820721
2021-06-16,0.8668540120124817,0.8733749985694885,0.8275539875030518,0.8319079875946045,0.8319079875946045,2916163481
2021-06-17,0.831732988357544,0.86142897605896,0.8258749842643738,0.8414379954338074,0.8414379954338074,2684672890
2021-06-18,0.8423240184783936,0.8449199795722961,0.7749850153923035,0.797648012638092,0.797648012638092,2509639518
2021-06-19,0.7983059883117676,0.8068689703941345,0.7587100267410278,0.7616729736328125,0.7616729736328125,2208439278
2021-06-20,0.7603769898414612,0.7842950224876404,0.6993719935417175,0.7763770222663879,0.7763770222663879,3068578656
2021-06-21,0.7747949957847595,0.7797899842262268,0.6051750183105469,0.6103879809379578,0.6103879809379578,4048720475
2021-06-22,0.6072319746017456,0.6489189863204956,0.5127099752426147,0.5450670123100281,0.5450670123100281,4784173339
2021-06-23,0.5469440221786499,0.660548985004425,0.5236629843711853,0.6265349984169006,0.6265349984169006,4239151745
2021-06-24,0.6385899782180786,0.6910099983215332,0.6173819899559021,0.671999990940094,0.671999990940094,2781916002
2021-06-25,0.6729109883308411,0.6884689927101135,0.6033830046653748,0.6133229732513428,0.6133229732513428,3120943105
2021-06-26,0.6115859746932983,0.6316760182380676,0.582414984703064,0.615435004234314,0.615435004234314,2458620798
2021-06-27,0.6169940233230591,0.6517720222473145,0.5976420044898987,0.6469230055809021,0.6469230055809021,2329301222
2021-06-28,0.6482849717140198,0.6544449925422668,0.624550998210907,0.643746018409729,0.643746018409729,2323398761
2021-06-29,0.6439409852027893,0.7277259826660156,0.642350971698761,0.7017250061035156,0.7017250061035156,3325816845
2021-06-30,0.7056810259819031,0.7136729955673218,0.6494560241699219,0.7063739895820618,0.7063739895820618,3097076849
2021-07-01,0.7047849893569946,0.7047849893569946,0.6467959880828857,0.6611800193786621,0.6611800193786621,2553971177
2021-07-02,0.6598899960517883,0.6672869920730591,0.6347259879112244,0.6567630171775818,0.6567630171775818,2061607208
2021-07-03,0.6556389927864075,0.6836770176887512,0.6446530222892761,0.6728879809379578,0.6728879809379578,1872819597
2021-07-04,0.6732180118560791,0.7077829837799072,0.665802001953125,0.6949449777603149,0.6949449777603149,1885241527
2021-07-05,0.6956530213356018,0.6956530213356018,0.6484919786453247,0.6542999744415283,0.6542999744415283,2076373188
2021-07-06,0.6530550122261047,0.6799229979515076,0.652675986289978,0.6654019951820374,0.6654019951820374,1938959239
2021-07-07,0.6652560234069824,0.6733070015907288,0.6510170102119446,0.6515750288963318,0.6515750288963318,2077976604
2021-07-08,0.6526910066604614,0.6543089747428894,0.612982988357544,0.623058021068573,0.623058021068573,2348704558
2021-07-09,0.6216880083084106,0.6445469856262207,0.5936599969863892,0.6368039846420288,0.6368039846420288,2380083031
2021-07-10,0.6372209787368774,0.648173987865448,0.614700973033905,0.6254630088806152,0.6254630088806152,1788373889
2021-07-11,0.6247199773788452,0.6431490182876587,0.6176480054855347,0.6359350085258484,0.6359350085258484,1495491616
2021-07-12,0.6363419890403748,0.6572099924087524,0.6184509992599487,0.6301779747009277,0.6301779747009277,1908473825
2021-07-13,0.6294460296630859,0.6402410268783569,0.6107050180435181,0.6195229887962341,0.6195229887962341,1860938764
2021-07-14,0.6194689869880676,0.6247239708900452,0.5874320268630981,0.6203240156173706,0.6203240156173706,1945120121
2021-07-15,0.6200050115585327,0.6265000104904175,0.5890719890594482,0.5969409942626953,0.5969409942626953,2027622754
2021-07-16,0.5975490212440491,0.6167960166931152,0.5888209939002991,0.5907739996910095,0.5907739996910095,1902793058
2021-07-17,0.589493989944458,0.5977190136909485,0.5732390284538269,0.582427978515625,0.582427978515625,1796242080
2021-07-18,0.5825930237770081,0.6012030243873596,0.5734220147132874,0.5879219770431519,0.5879219770431519,1567538722
2021-07-19,0.5872250199317932,0.5893530249595642,0.5551779866218567,0.5575559735298157,0.5575559735298157,1706406670
2021-07-20,0.5576220154762268,0.5683730244636536,0.5179100036621094,0.5293359756469727,0.5293359756469727,2026435206
2021-07-21,0.5290539860725403,0.5832970142364502,0.5203379988670349,0.569998025894165,0.569998025894165,2610318312
2021-07-22,0.5715590119361877,0.6025369763374329,0.561722993850708,0.5922060012817383,0.5922060012817383,2520533539
2021-07-23,0.5925459861755371,0.6095150113105774,0.5766900181770325,0.6092240214347839,0.6092240214347839,2206128472
2021-07-24,0.6089969873428345,0.6206960082054138,0.600970983505249,0.6098269820213318,0.6098269820213318,1967190260
2021-07-25,0.6091949939727783,0.6117680072784424,0.591376006603241,0.6063569784164429,0.6063569784164429,1707767305
2021-07-26,0.6068909764289856,0.6778680086135864,0.6052989959716797,0.6256179809570312,0.6256179809570312,3879282541
2021-07-27,0.6241739988327026,0.6520829796791077,0.6128929853439331,0.6446040272712708,0.6446040272712708,2800102572
2021-07-28,0.6455720067024231,0.7518410086631775,0.6322259902954102,0.7254449725151062,0.7254449725151062,6452960527
2021-07-29,0.7326359748840332,0.7647420167922974,0.6986690163612366,0.7480170130729675,0.7480170130729675,3717954855
2021-07-30,0.7498459815979004,0.7681490182876587,0.7157809734344482,0.7521190047264099,0.7521190047264099,3328523561
2021-07-31,0.752161979675293,0.7577009797096252,0.7377690076828003,0.7477859854698181,0.7477859854698181,2612372196
2021-08-01,0.7459409832954407,0.7762830257415771,0.7072889804840088,0.7259219884872437,0.7259219884872437,2529023488
2021-08-02,0.7241449952125549,0.7733250260353088,0.7168179750442505,0.7392200231552124,0.7392200231552124,2648561558
2021-08-03,0.7384660243988037,0.7444139719009399,0.701878011226654,0.7127289772033691,0.7127289772033691,2857095374
2021-08-04,0.7136330008506775,0.7392380237579346,0.6978359818458557,0.7304880023002625,0.7304880023002625,2796312041
2021-08-05,0.7309200167655945,0.7386209964752197,0.7024009823799133,0.7331510186195374,0.7331510186195374,2387435275
2021-08-06,0.7329819798469543,0.7521460056304932,0.7239869832992554,0.7465130090713501,0.7465130090713501,2444020492
2021-08-07,0.7471349835395813,0.818041980266571,0.7414399981498718,0.8162810206413269,0.8162810206413269,4067148040
2021-08-08,0.8167340159416199,0.8383809924125671,0.7732459902763367,0.7787389755249023,0.7787389755249023,3954749759
2021-08-09,0.7790120244026184,0.8273990154266357,0.7609090209007263,0.8185529708862305,0.8185529708862305,3739417343
2021-08-10,0.8173369765281677,0.8615880012512207,0.8006410002708435,0.8512470126152039,0.8512470126152039,4002349584
2021-08-11,0.8512799739837646,1.0870529413223267,0.8487489819526672,1.0125240087509155,1.0125240087509155,8213874830
2021-08-12,1.0125629901885986,1.042734980583191,0.9247490167617798,0.9645490050315857,0.9645490050315857,7613283957
2021-08-13,0.9671459794044495,1.0944960117340088,0.9525910019874573,1.089959979057312,1.089959979057312,6425779147
2021-08-14,1.0898339748382568,1.309211015701294,1.0710289478302002,1.280411958694458,1.280411958694458,12107814480
2021-08-15,1.2816439867019653,1.3491740226745605,1.2302429676055908,1.288159966468811,1.288159966468811,10899164864
2021-08-16,1.2849290370941162,1.3268990516662598,1.1510319709777832,1.1909929513931274,1.1909929513931274,8364848221
2021-08-17,1.186277985572815,1.2226779460906982,1.088273048400879,1.0981990098953247,1.0981990098953247,7620119367
2021-08-18,1.0976619720458984,1.194200038909912,1.056771993637085,1.14609694480896,1.14609694480896,7559385803
2021-08-19,1.1446579694747925,1.232841968536377,1.0921709537506104,1.232841968536377,1.232841968536377,6781867994
2021-08-20,1.2334539890289307,1.2869709730148315,1.201058030128479,1.2632219791412354,1.2632219791412354,6600353564
2021-08-21,1.2639180421829224,1.2812349796295166,1.2064050436019897,1.2164729833602905,1.2164729833602905,4955470066
2021-08-22,1.2173939943313599,1.2546629905700684,1.1847549676895142,1.2277220487594604,1.2277220487594604,4452016856
2021-08-23,1.2268120050430298,1.3042199611663818,1.2220940589904785,1.2472699880599976,1.2472699880599976,6299948689
2021-08-24,1.248147964477539,1.2632869482040405,1.1281579732894897,1.1373519897460938,1.1373519897460938,6109699877
2021-08-25,1.1370110511779785,1.17753005027771,1.1094310283660889,1.1725289821624756,1.1725289821624756,4735020572
2021-08-26,1.1745879650115967,1.1863110065460205,1.0699050426483154,1.0752660036087036,1.0752660036087036,4914724770
2021-08-27,1.0732979774475098,1.1884729862213135,1.0526419878005981,1.1884729862213135,1.1884729862213135,5062671613
2021-08-28,1.19235098361969,1.1977039575576782,1.1366980075836182,1.1455049514770508,1.1455049514770508,3655937721
2021-08-29,1.1459239721298218,1.1676830053329468,1.1166620254516602,1.1408319473266602,1.1408319473266602,3456541619
2021-08-30,1.1423360109329224,1.1486849784851074,1.0987110137939453,1.1014349460601807,1.1014349460601807,3635181352
2021-08-31,1.1013360023498535,1.2401039600372314,1.0922499895095825,1.1875929832458496,1.1875929832458496,5897781233
2021-09-01,1.1869150400161743,1.234889030456543,1.1591269969940186,1.234889030456543,1.234889030456543,4937053998
2021-09-02,1.2375420331954956,1.2942960262298584,1.2229050397872925,1.256324052810669,1.256324052810669,5456908792
2021-09-03,1.2541370391845703,1.3215210437774658,1.226127028465271,1.2914350032806396,1.2914350032806396,5896982947
2021-09-04,1.2907010316848755,1.29591703414917,1.2409570217132568,1.2557790279388428,1.2557790279388428,4284360888
2021-09-05,1.2551300525665283,1.3084019422531128,1.237483024597168,1.3054980039596558,1.3054980039596558,4077886190
2021-09-06,1.3073170185089111,1.4137669801712036,1.3073170185089111,1.3894129991531372,1.3894129991531372,7403887685
2021-09-07,1.3894380331039429,1.3914949893951416,0.9754549860954285,1.1250989437103271,1.1250989437103271,11310427430
2021-09-08,1.1266850233078003,1.1486419439315796,1.0201749801635742,1.1007200479507446,1.1007200479507446,7367876460
2021-09-09,1.0902819633483887,1.136104941368103,0.838254988193512,1.0894010066986084,1.0894010066986084,5171653352
2021-09-10,1.0875740051269531,1.2417190074920654,1.0343170166015625,1.0572669506072998,1.0572669506072998,7726257543
2021-09-11,1.0565969944000244,1.1113009452819824,1.053305983543396,1.0799059867858887,1.0799059867858887,3986494412
2021-09-12,1.0802780389785767,1.1272449493408203,1.0598679780960083,1.119636058807373,1.119636058807373,3403286576
2021-09-13,1.1194230318069458,1.1259139776229858,1.0296469926834106,1.0646779537200928,1.0646779537200928,4391908806
2021-09-14,1.065369963645935,1.0976530313491821,1.0588419437408447,1.0965739488601685,1.0965739488601685,3378813327
2021-09-15,1.096938967704773,1.1293209791183472,1.0805649757385254,1.121353030204773,1.121353030204773,2997048680
2021-09-16,1.121243953704834,1.1292020082473755,1.0680979490280151,1.0914980173110962,1.0914980173110962,3168621354
2021-09-17,1.0908780097961426,1.1023139953613281,1.0531710386276245,1.0655980110168457,1.0655980110168457,2989925804
2021-09-18,1.0659129619598389,1.0946160554885864,1.0573879480361938,1.0756679773330688,1.0756679773330688,2308814476
2021-09-19,1.0751680135726929,1.082036018371582,1.0418070554733276,1.0484280586242676,1.0484280586242676,2148537763
2021-09-20,1.0489840507507324,1.0504059791564941,0.8878499865531921,0.9171519875526428,0.9171519875526428,5775337511
2021-09-21,0.9223440289497375,0.9593080282211304,0.8607339859008789,0.8763290047645569,0.8763290047645569,4787985414
2021-09-22,0.8738240003585815,1.00935697555542,0.8696200251579285,1.0040760040283203,1.0040760040283203,4813963292
2021-09-23,1.0045249462127686,1.016471028327942,0.9704790115356445,1.0020400285720825,1.0020400285720825,3734263358
2021-09-24,1.0024549961090088,1.0031969547271729,0.8923929929733276,0.9459239840507507,0.9459239840507507,4425027059
2021-09-25,0.9454569816589355,0.9568579792976379,0.9196249842643738,0.9413419961929321,0.9413419961929321,3067009121
2021-09-26,0.9415709972381592,0.9566919803619385,0.8948339819908142,0.944720983505249,0.944720983505249,3142032669
2021-09-27,0.9459580183029175,0.981486976146698,0.9210829734802246,0.9236850142478943,0.9236850142478943,3014579575
2021-09-28,0.9230589866638184,0.942592978477478,0.8924990296363831,0.893688976764679,0.893688976764679,2818990506
2021-09-29,0.8945909738540649,0.9903500080108643,0.8879479765892029,0.9283490180969238,0.9283490180969238,3558174320
2021-09-30,0.9275130033493042,0.9640809893608093,0.922918975353241,0.9526360034942627,0.9526360034942627,3051316850
2021-10-01,0.953764021396637,1.0639970302581787,0.9453549981117249,1.0426239967346191,1.0426239967346191,5125674349
2021-10-02,1.0420600175857544,1.0717600584030151,1.0095380544662476,1.0386749505996704,1.0386749505996704,3884936924
2021-10-03,1.0376880168914795,1.0884380340576172,1.0224920511245728,1.0551700592041016,1.0551700592041016,3496121109
2021-10-04,1.055770993232727,1.0598599910736084,1.0107049942016602,1.043004035949707,1.043004035949707,3164260800
2021-10-05,1.0416879653930664,1.0874929428100586,1.038789987564087,1.0855029821395874,1.0855029821395874,3251465579
2021-10-06,1.0849330425262451,1.1059050559997559,1.021597981452942,1.0776560306549072,1.0776560306549072,3806090854
2021-10-07,1.0771859884262085,1.0932090282440186,1.0462199449539185,1.0680259466171265,1.0680259466171265,3192050513
2021-10-08,1.0677640438079834,1.0913699865341187,1.056926965713501,1.0628910064697266,1.0628910064697266,2577289115
2021-10-09,1.0618540048599243,1.2082140445709229,1.0592540502548218,1.1599260568618774,1.1599260568618774,4844564004
2021-10-10,1.1602760553359985,1.2276630401611328,1.1313070058822632,1.1384530067443848,1.1384530067443848,5165905723
2021-10-11,1.1373000144958496,1.1811039447784424,1.109963059425354,1.137887954711914,1.137887954711914,4022773988
2021-10-12,1.1383399963378906,1.1383399963378906,1.0676109790802002,1.1018589735031128,1.1018589735031128,3959747373
2021-10-13,1.1019660234451294,1.1376899480819702,1.0769790410995483,1.128391981124878,1.128391981124878,3675636699
2021-10-14,1.1274909973144531,1.1564229726791382,1.1193039417266846,1.132315993309021,1.132315993309021,3184675623
2021-10-15,1.1335350275039673,1.164330005645752,1.1039719581604004,1.1405500173568726,1.1405500173568726,5364938375
2021-10-16,1.1414730548858643,1.185520052909851,1.132119059562683,1.1350959539413452,1.1350959539413452,3776545069
2021-10-17,1.1346919536590576,1.1399040222167969,1.02736496925354,1.0934679508209229,1.0934679508209229,3227519874
2021-10-18,1.0948339700698853,1.1062190532684326,1.0671030282974243,1.0838420391082764,1.0838420391082764,3186066188
2021-10-19,1.0838919878005981,1.0999850034713745,1.0723559856414795,1.092079997062683,1.092079997062683,2586014628
2021-10-20,1.091912031173706,1.1529840230941772,1.0885709524154663,1.1423280239105225,1.1423280239105225,3394782025
2021-10-21,1.1454060077667236,1.1636699438095093,1.0880850553512573,1.0893150568008423,1.0893150568008423,4035726860
2021-10-22,1.0899009704589844,1.1258790493011475,1.0791150331497192,1.0883740186691284,1.0883740186691284,3296407032
2021-10-23,1.0898360013961792,1.1023859977722168,1.078505039215088,1.0944969654083252,1.0944969654083252,2236173913
2021-10-24,1.0948760509490967,1.0965529680252075,1.0580439567565918,1.0842829942703247,1.0842829942703247,2240272602
2021-10-25,1.0833070278167725,1.1038670539855957,1.0792059898376465,1.0951579809188843,1.0951579809188843,2595663483
2021-10-26,1.0951110124588013,1.158342957496643,1.0932279825210571,1.108093023300171,1.108093023300171,3933349796
2021-10-27,1.1079410314559937,1.1251920461654663,0.9702050089836121,0.9954519867897034,0.9954519867897034,6433932056
2021-10-28,0.9952390193939209,1.0819389820098877,0.9841139912605286,1.0588200092315674,1.0588200092315674,5528214768
2021-10-29,1.059046983718872,1.0901659727096558,1.0561790466308594,1.0815030336380005,1.0815030336380005,3549325709
2021-10-30,1.0813779830932617,1.1142849922180176,1.064389944076538,1.0839489698410034,1.0839489698410034,3261273038
2021-10-31,1.0859260559082031,1.1524499654769897,1.0727640390396118,1.113247036933899,1.113247036933899,4607785327
2021-11-01,1.1131529808044434,1.13121497631073,1.0726569890975952,1.0928670167922974,1.0928670167922974,3655823943
2021-11-02,1.0925769805908203,1.1450940370559692,1.0861170291900635,1.1361960172653198,1.1361960172653198,3609677729
2021-11-03,1.135938048362732,1.2330249547958374,1.1269609928131104,1.2087960243225098,1.2087960243225098,6526803610
2021-11-04,1.2105189561843872,1.2537280321121216,1.1669329404830933,1.202003002166748,1.202003002166748,5210115532
2021-11-05,1.201917052268982,1.2024040222167969,1.141374945640564,1.161532998085022,1.161532998085022,3572443866
2021-11-06,1.1606340408325195,1.1733030080795288,1.108773946762085,1.1524540185928345,1.1524540185928345,2630197378
2021-11-07,1.1532000303268433,1.2375819683074951,1.148102045059204,1.2175339460372925,1.2175339460372925,3384556620
2021-11-08,1.2210299968719482,1.2963780164718628,1.2210299968719482,1.282377004623413,1.282377004623413,5547697296
2021-11-09,1.282531976699829,1.2875779867172241,1.2320599555969238,1.258929967880249,1.258929967880249,5211033825
2021-11-10,1.2571849822998047,1.3476619720458984,1.1258280277252197,1.1933729648590088,1.1933729648590088,7430166330
2021-11-11,1.1927989721298218,1.2532930374145508,1.1783130168914795,1.2183640003204346,1.2183640003204346,4904300953
2021-11-12,1.2162480354309082,1.2338809967041016,1.1570489406585693,1.1893550157546997,1.1893550157546997,4230289448
2021-11-13,1.1894689798355103,1.2041239738464355,1.1687649488449097,1.191938042640686,1.191938042640686,2889142419
2021-11-14,1.191195011138916,1.199936032295227,1.16941499710083,1.1885969638824463,1.1885969638824463,2210065757
2021-11-15,1.1888240575790405,1.2198829650878906,1.1703200340270996,1.1713709831237793,1.1713709831237793,2850390389
2021-11-16,1.1746540069580078,1.1746540069580078,1.0537179708480835,1.0909340381622314,1.0909340381622314,4829173281
2021-11-17,1.0901039838790894,1.113286018371582,1.0699479579925537,1.096290946006775,1.096290946006775,3701959225
2021-11-18,1.0962810516357422,1.158331036567688,1.02292001247406,1.0419540405273438,1.0419540405273438,5394362498
2021-11-19,1.040922999382019,1.0991929769515991,1.0205849409103394,1.0914920568466187,1.0914920568466187,3716379231
2021-11-20,1.0910619497299194,1.1013959646224976,1.0643019676208496,1.0976459980010986,1.0976459980010986,2575832703
2021-11-21,1.0967479944229126,1.098078966140747,1.0591540336608887,1.0601730346679688,1.0601730346679688,2213864918
2021-11-22,1.0601259469985962,1.0699189901351929,1.0279279947280884,1.0366220474243164,1.0366220474243164,2844568485
2021-11-23,1.037093997001648,1.0717509984970093,1.023345947265625,1.0670570135116577,1.0670570135116577,3098367613
2021-11-24,1.067152976989746,1.0745489597320557,1.0116809606552124,1.0420750379562378,1.0420750379562378,3151964356
2021-11-25,1.034106969833374,1.0646770000457764,1.0241570472717285,1.0318880081176758,1.0318880081176758,3107133471
2021-11-26,1.044916033744812,1.0481369495391846,0.9254459738731384,0.9363499879837036,0.9363499879837036,4293461689
2021-11-27,0.9400129914283752,0.9672769904136658,0.9365609884262085,0.9471579790115356,0.9471579790115356,2410404614
2021-11-28,0.9477490186691284,0.9697719812393188,0.896573007106781,0.9687510132789612,0.9687510132789612,2605488239
2021-11-29,0.9698219895362854,1.002905011177063,0.9663280248641968,0.9919610023498535,0.9919610023498535,2917313727
2021-11-30,0.991487979888916,1.0301209688186646,0.9736729860305786,0.9987540245056152,0.9987540245056152,2949826821
2021-12-01,0.9981899857521057,1.0182689428329468,0.9820230007171631,0.9909300208091736,0.9909300208091736,2570587577
2021-12-02,0.9909150004386902,0.9909150004386902,0.9598770141601562,0.9723119735717773,0.9723119735717773,2250871711
2021-12-03,0.9734529852867126,0.985319972038269,0.9059680104255676,0.9222440123558044,0.9222440123558044,2714612022
2021-12-04,0.9240919947624207,0.9266639947891235,0.6145049929618835,0.8470289707183838,0.8470289707183838,6970805726
2021-12-05,0.8467090129852295,0.8637750148773193,0.7803999781608582,0.8055949807167053,0.8055949807167053,3553480780
2021-12-06,0.8060470223426819,0.8318639993667603,0.7523319721221924,0.8282880187034607,0.8282880187034607,3447952788
2021-12-07,0.8290920257568359,0.8457670211791992,0.8071730136871338,0.8185880184173584,0.8185880184173584,2720124735
2021-12-08,0.8175389766693115,0.8856220245361328,0.8058980107307434,0.863306999206543,0.863306999206543,3038966909
2021-12-09,0.8621429800987244,0.9305409789085388,0.8351290225982666,0.8612719774246216,0.8612719774246216,4555815213
2021-12-10,0.8610249757766724,0.8834109902381897,0.7963280081748962,0.8010969758033752,0.8010969758033752,3267095314
2021-12-11,0.8020619750022888,0.8443099856376648,0.7893850207328796,0.8393129706382751,0.8393129706382751,2056974461
2021-12-12,0.8387449979782104,0.8568210005760193,0.8112059831619263,0.841323971748352,0.841323971748352,1628060313
2021-12-13,0.8413529992103577,0.8459349870681763,0.7644910216331482,0.7828940153121948,0.7828940153121948,2509034504
2021-12-14,0.7827990055084229,0.8175889849662781,0.7755900025367737,0.7962489724159241,0.7962489724159241,3477802545
2021-12-15,0.811722993850708,0.8400840163230896,0.7798140048980713,0.8274310231208801,0.8274310231208801,3088068968
2021-12-16,0.8277360200881958,0.8370389938354492,0.8046320080757141,0.8062300086021423,0.8062300086021423,2178245900
2021-12-17,0.8059899806976318,0.8285940289497375,0.7804219722747803,0.7992910146713257,0.7992910146713257,2364224847
2021-12-18,0.799006998538971,0.8346779942512512,0.7928079962730408,0.8273789882659912,0.8273789882659912,1806931648
2021-12-19,0.8271790146827698,0.848334014415741,0.8213099837303162,0.8350329995155334,0.8350329995155334,1576121375
2021-12-20,0.8359389901161194,0.9142709970474243,0.8263760209083557,0.8798279762268066,0.8798279762268066,4587029518
2021-12-21,0.8794329762458801,0.9608590006828308,0.8543699979782104,0.9476460218429565,0.9476460218429565,3748952692
2021-12-22,0.9481009840965271,0.9728090167045593,0.9271780252456665,0.9546989798545837,0.9546989798545837,3317199427
2021-12-23,0.9548239707946777,1.0165590047836304,0.9408230185508728,0.9932850003242493,0.9932850003242493,4257231145
2021-12-24,0.9947900176048279,0.9967250227928162,0.8990510106086731,0.9120470285415649,0.9120470285415649,3864725087
2021-12-25,0.9123939871788025,0.9339140057563782,0.9023150205612183,0.9248189926147461,0.9248189926147461,1747049348
2021-12-26,0.9256860017776489,0.9340419769287109,0.9072809815406799,0.921180009841919,0.921180009841919,1324703098
2021-12-27,0.9208040237426758,0.9558849930763245,0.9145079851150513,0.9261839985847473,0.9261839985847473,1788981449
2021-12-28,0.9267560243606567,0.9267560243606567,0.8486639857292175,0.8529599905014038,0.8529599905014038,2281985956
2021-12-29,0.8530769944190979,0.8650490045547485,0.8137099742889404,0.8167139887809753,0.8167139887809753,2050248751
2021-12-30,0.8179190158843994,0.8563140034675598,0.8044999837875366,0.8396490216255188,0.8396490216255188,1880399926
2021-12-31,0.8396810293197632,0.852940022945404,0.8057649731636047,0.8311629891395569,0.8311629891395569,1736939791
2022-01-01,0.8312810063362122,0.8531979918479919,0.8307409882545471,0.8494719862937927,0.8494719862937927,1156464024
2022-01-02,0.8494420051574707,0.8635579943656921,0.839156985282898,0.8591179847717285,0.8591179847717285,1134033205
2022-01-03,0.8591070175170898,0.8591070175170898,0.8240519762039185,0.8328850269317627,0.8328850269317627,1428968710
2022-01-04,0.832850992679596,0.8440759778022766,0.8196150064468384,0.8246729969978333,0.8246729969978333,1514079366
2022-01-05,0.8247140049934387,0.8355330228805542,0.7327039837837219,0.7743579745292664,0.7743579745292664,2252733064
2022-01-06,0.7742999792098999,0.7892169952392578,0.7442920207977295,0.7813460230827332,0.7813460230827332,2165022786
2022-01-07,0.7812700271606445,0.7812700271606445,0.7346169948577881,0.7630739808082581,0.7630739808082581,2329624598
2022-01-08,0.7631059885025024,0.7750840187072754,0.7278029918670654,0.7476879954338074,0.7476879954338074,1792091501
2022-01-09,0.7477329969406128,0.7663210034370422,0.7415339946746826,0.7545049786567688,0.7545049786567688,1182503166
2022-01-10,0.7544280290603638,0.7585129737854004,0.7054790258407593,0.7393350005149841,0.7393350005149841,2014043704
2022-01-11,0.7393559813499451,0.7734609842300415,0.7341510057449341,0.7705540060997009,0.7705540060997009,1897366203
2022-01-12,0.7706080079078674,0.8060479760169983,0.7596459984779358,0.7995479702949524,0.7995479702949524,1976047994
2022-01-13,0.7994549870491028,0.8009510040283203,0.7630820274353027,0.7683280110359192,0.7683280110359192,1578656460
2022-01-14,0.7683579921722412,0.789355993270874,0.7556279897689819,0.7742969989776611,0.7742969989776611,1576111969
2022-01-15,0.774308979511261,0.788864016532898,0.7709490060806274,0.7814229726791382,0.7814229726791382,1029135167
2022-01-16,0.7813079953193665,0.7839620113372803,0.7709529995918274,0.778954029083252,0.778954029083252,1005077258
2022-01-17,0.7789989709854126,0.7801799774169922,0.7523519992828369,0.7627419829368591,0.7627419829368591,1406443014
2022-01-18,0.7627689838409424,0.7680490016937256,0.7394639849662781,0.7526310086250305,0.7526310086250305,1510069237
2022-01-19,0.7526140213012695,0.753154993057251,0.726485013961792,0.739749014377594,0.739749014377594,1446126322
2022-01-20,0.7397260069847107,0.7615829706192017,0.719402015209198,0.7194210290908813,0.7194210290908813,1251475248
2022-01-21,0.7196090221405029,0.7282450199127197,0.623196005821228,0.6357380151748657,0.6357380151748657,3150758603
2022-01-22,0.6360059976577759,0.6517930030822754,0.5594210028648376,0.5960419774055481,0.5960419774055481,3613862355
2022-01-23,0.5961930155754089,0.633994996547699,0.5938259959220886,0.6287559866905212,0.6287559866905212,1851934913
2022-01-24,0.6287699937820435,0.6287699937820435,0.5586680173873901,0.6121389865875244,0.6121389865875244,2759980202
2022-01-25,0.6121439933776855,0.6212289929389954,0.5898879766464233,0.617563009262085,0.617563009262085,1731121388
2022-01-26,0.6175439953804016,0.6525490283966064,0.6085879802703857,0.6220719814300537,0.6220719814300537,2302112575
2022-01-27,0.6219450235366821,0.6235079765319824,0.5914649963378906,0.6087700128555298,0.6087700128555298,1586137620
2022-01-28,0.608618974685669,0.6128609776496887,0.5933970212936401,0.6125119924545288,0.6125119924545288,1318006848
2022-01-29,0.6124910116195679,0.6234059929847717,0.6102579832077026,0.6169350147247314,0.6169350147247314,958847124
2022-01-30,0.6170060038566589,0.6225460171699524,0.5997710227966309,0.603181004524231,0.603181004524231,870878596
2022-01-31,0.6030629873275757,0.6223139762878418,0.5828480124473572,0.6191490292549133,0.6191490292549133,1266538239
2022-02-01,0.6190059781074524,0.630316972732544,0.6130499839782715,0.6292330026626587,0.6292330026626587,1183031072
2022-02-02,0.6292399764060974,0.6306949853897095,0.5991380214691162,0.6014829874038696,0.6014829874038696,1182736030
2022-02-03,0.6014149785041809,0.6076840162277222,0.5923489928245544,0.6076840162277222,0.6076840162277222,1042290345
2022-02-04,0.6076200008392334,0.656495988368988,0.6051689982414246,0.6558769941329956,0.6558769941329956,1543180484
2022-02-05,0.655830979347229,0.6836820244789124,0.6522679924964905,0.6671270132064819,0.6671270132064819,1760389771
2022-02-06,0.6671270132064819,0.6851930022239685,0.6623470187187195,0.6836469769477844,0.6836469769477844,1095140341
2022-02-07,0.6835920214653015,0.8341550230979919,0.6744019985198975,0.8278189897537231,0.8278189897537231,4197403037
2022-02-08,0.8283770084381104,0.9111369848251343,0.8061609864234924,0.8781939744949341,0.8781939744949341,6159382645
2022-02-09,0.8775150179862976,0.9090669751167297,0.8474010229110718,0.8706269860267639,0.8706269860267639,3760269362
2022-02-10,0.8708760142326355,0.8946149945259094,0.8299070000648499,0.8300099968910217,0.8300099968910217,3535002566
2022-02-11,0.8299409747123718,0.8299409747123718,0.7543309926986694,0.7602260112762451,0.7602260112762451,3346204748
2022-02-12,0.7602499723434448,0.8488379716873169,0.7530239820480347,0.8224080204963684,0.8224080204963684,3457258389
2022-02-13,0.8222330212593079,0.8442999720573425,0.7962769865989685,0.8102729916572571,0.8102729916572571,2504198747
2022-02-14,0.8098729848861694,0.8104739785194397,0.7825509905815125,0.8022180199623108,0.8022180199623108,2401300497
2022-02-15,0.8022459745407104,0.8558570146560669,0.7982959747314453,0.8523330092430115,0.8523330092430115,2249706300
2022-02-16,0.8523769974708557,0.8523769974708557,0.813139021396637,0.8390359878540039,0.8390359878540039,2165008058
2022-02-17,0.8387140035629272,0.8441330194473267,0.7582229971885681,0.7671729922294617,0.7671729922294617,2798023719
2022-02-18,0.7672860026359558,0.8039050102233887,0.7603300213813782,0.7858899831771851,0.7858899831771851,2913093056
2022-02-19,0.7858650088310242,0.8498160243034363,0.7736499905586243,0.8225280046463013,0.8225280046463013,3325442943
2022-02-20,0.8225380182266235,0.8226720094680786,0.769985020160675,0.7782959938049316,0.7782959938049316,3041836889
2022-02-21,0.7781599760055542,0.7997499704360962,0.7019889950752258,0.70346599817276,0.70346599817276,3580522306
2022-02-22,0.7033330202102661,0.7251909971237183,0.6787869930267334,0.722832977771759,0.722832977771759,3539593096
2022-02-23,0.7228519916534424,0.7389230132102966,0.6962800025939941,0.6987460255622864,0.6987460255622864,2690184820
2022-02-24,0.6985800266265869,0.7128909826278687,0.6270939707756042,0.6962720155715942,0.6962720155715942,5146799150
2022-02-25,0.696258008480072,0.7689030170440674,0.6857939958572388,0.7689030170440674,0.7689030170440674,3460713330
2022-02-26,0.7686449885368347,0.7881870269775391,0.7436460256576538,0.7509729862213135,0.7509729862213135,3051695701
2022-02-27,0.7509660124778748,0.7648730278015137,0.710873007774353,0.721992015838623,0.721992015838623,2733141782
2022-02-28,0.721930980682373,0.7883219718933105,0.7131879925727844,0.782043993473053,0.782043993473053,3053923291
2022-03-01,0.782069981098175,0.8006349802017212,0.7612339854240417,0.7848619818687439,0.7848619818687439,2877778057
2022-03-02,0.7848759889602661,0.7848910093307495,0.7595980167388916,0.7684959769248962,0.7684959769248962,2401047273
2022-03-03,0.7685319781303406,0.7839249968528748,0.7389199733734131,0.7521849870681763,0.7521849870681763,2213014779
2022-03-06,0.7557705640792847,0.7578292489051819,0.730040431022644,0.7348846793174744,0.7348846793174744,1765211008
